file,class,type,cbo,cboModified,fanin,fanout,wmc,dit,noc,rfc,lcom,lcom*,tcc,lcc,totalMethodsQty,staticMethodsQty,publicMethodsQty,privateMethodsQty,protectedMethodsQty,defaultMethodsQty,visibleMethodsQty,abstractMethodsQty,finalMethodsQty,synchronizedMethodsQty,totalFieldsQty,staticFieldsQty,publicFieldsQty,privateFieldsQty,protectedFieldsQty,defaultFieldsQty,finalFieldsQty,synchronizedFieldsQty,nosi,loc,returnQty,loopQty,comparisonsQty,tryCatchQty,parenthesizedExpsQty,stringLiteralsQty,numbersQty,assignmentsQty,mathOperationsQty,variablesQty,maxNestedBlocksQty,anonymousClassesQty,innerClassesQty,lambdasQty,uniqueWordsQty,modifiers,logStatementsQty 
Project/miaosha/miaosha-admin/miaosha-admin-service/src/main/java/com/geekq/admin/mapper/IpLogMapper.java,com.geekq.admin.mapper.IpLogMapper,interface,2,4,2,2,7,1,0,0,21,0,0,0,7,0,0,0,0,7,7,0,0,0,0,0,0,0,0,0,0,0,0,9,0,0,0,0,0,0,0,0,0,0,0,0,0,0,20,1,0
Project/miaosha/miaosha-v2/miaosha-service/src/main/java/com/geekq/miaosha/rabbitmq/MQSender.java,MQSender,class,7,11,4,7,3,1,0,4,0,0.33333334,0,0,3,0,3,0,0,0,3,0,0,0,3,1,0,2,0,1,0,0,0,19,0,0,0,0,0,6,0,3,2,5,0,0,0,0,20,1,3
Project/miaosha/miaosha-v2/miaosha-web/src/main/java/com/geekq/miaosha/interceptor/GlobalParamAdvice.java,com.geekq.miaosha.interceptor.GlobalParamAdvice,class,5,5,0,5,2,1,0,0,1,0,0,0,2,0,2,0,0,0,2,0,0,0,0,0,0,0,0,0,0,0,0,6,0,0,0,0,0,0,0,0,0,0,0,0,0,0,12,1,0
Project/miaosha/miaosha-v1/src/main/java/com/geekq/miaosha/controller/RegisterController.java,com.geekq.miaosha.controller.RegisterController,class,13,14,1,13,4,1,0,8,1,0.6666667,0,0,2,0,2,0,0,0,2,0,0,0,3,1,0,3,0,0,0,0,2,22,4,0,0,0,0,8,0,4,0,6,1,0,0,0,27,1,0
Project/miaosha/miaosha-v2/miaosha-service/src/main/java/com/geekq/miaosha/service/impl/LoginInfoServiceImpl.java,com.geekq.miaosha.service.impl.LoginInfoServiceImpl,class,4,4,0,4,1,1,0,1,0,0,NaN,NaN,1,0,1,0,0,0,1,0,0,0,1,0,0,1,0,0,0,0,0,7,1,0,0,0,0,1,0,0,0,1,0,0,0,0,9,1,0
Project/miaosha/miaosha-admin/miaosha-admin-api/src/main/java/com/geekq/admin/entity/Logininfo.java,com.geekq.admin.entity.Logininfo,class,4,13,9,4,0,1,0,0,0,NaN,-1,-1,0,0,0,0,0,0,0,0,0,0,9,0,0,9,0,0,0,0,0,11,0,0,0,0,0,0,0,2,0,9,0,0,0,0,16,1,0
Project/miaosha/miaosha-v2/miaosha-common/src/main/java/com/geekq/miasha/enums/MessageStatus.java,com.geekq.miasha.enums.MessageStatus$messageType,enum,0,0,0,0,2,1,0,0,0,0,NaN,NaN,2,0,1,1,0,0,1,0,0,0,1,0,0,1,0,0,0,0,0,8,1,0,0,0,0,3,0,1,0,1,0,0,0,0,8,1,0
Project/miaosha/miaosha-admin/miaosha-admin-api/src/main/java/com/geekq/admin/entity/SystemDictionaryItem.java,com.geekq.admin.entity.SystemDictionaryItem,class,4,9,5,4,1,2,0,3,0,0.16666667,NaN,NaN,1,0,1,0,0,0,1,0,0,0,6,1,0,6,0,0,1,0,0,18,1,0,0,0,0,7,1,2,0,7,0,0,0,0,25,1,0
Project/miaosha/miaosha-v2/miaosha-web/src/main/java/com/geekq/miaosha/interceptor/LoginInterceptor.java,com.geekq.miaosha.interceptor.LoginInterceptor,class,17,18,1,17,18,2,0,33,10,0.8,0,0,5,0,2,3,0,0,2,0,0,0,3,1,0,1,0,2,0,0,4,76,9,1,4,0,0,4,2,17,1,18,3,0,0,0,68,1,1
Project/miaosha/miaosha-v1/src/main/java/com/geekq/miaosha/common/enums/MessageStatus.java,com.geekq.miaosha.common.enums.MessageStatus,class,0,0,0,0,0,1,0,0,0,NaN,-1,-1,0,0,0,0,0,0,0,0,0,0,1,1,1,0,0,0,1,0,0,25,0,0,0,0,0,0,1,1,0,1,0,0,3,0,20,1,0
Project/miaosha/miaosha-v1/src/main/java/com/geekq/miaosha/utils/UUIDUtil.java,com.geekq.miaosha.utils.UUIDUtil,class,0,2,2,0,1,1,0,3,0,0,NaN,NaN,1,1,1,0,0,0,1,0,0,0,0,0,0,0,0,0,0,0,1,5,1,0,0,0,0,2,0,0,0,0,0,0,0,0,5,1,0
Project/miaosha/miaosha-v2/miaosha-service/src/main/java/com/geekq/miaosha/rabbitmq/MiaoshaMessage.java,MiaoshaMessage,class,1,3,2,1,4,1,0,0,2,0.5,0,0,4,0,4,0,0,0,4,0,0,0,2,0,0,2,0,0,0,0,0,16,2,0,0,0,0,0,0,2,0,2,0,0,0,0,9,1,0
Project/miaosha/miaosha-v1/src/main/java/com/geekq/miaosha/config/DruidConfig.java,com.geekq.miaosha.config.DruidConfig,class,6,6,0,6,39,1,0,21,599,0.9225147,0.07396871,0.8477952,38,0,38,0,0,0,38,0,0,0,18,0,0,18,0,0,0,0,0,164,20,0,0,1,0,10,0,20,0,20,1,0,0,0,67,1,0
Project/miaosha/miaosha-v1/src/main/java/com/geekq/miaosha/rabbitmq/MQConfig.java,com.geekq.miaosha.rabbitmq.MQConfig,class,8,9,1,8,12,1,0,12,66,0.94696975,0,0,12,0,12,0,0,0,12,0,0,0,11,11,11,0,0,0,11,0,0,52,12,0,0,0,0,17,0,12,0,12,0,0,0,0,45,1,0
Project/miaosha/miaosha-v2/miaosha-common/src/main/java/com/geekq/miasha/enums/resultbean/ResultGeekQ.java,com.geekq.miasha.enums.resultbean.ResultGeekQ,class,4,7,3,4,11,2,0,1,43,0.8181818,0.10909091,0.18181819,11,3,8,0,3,0,11,0,0,0,3,1,0,3,0,0,1,0,0,39,5,0,0,0,0,0,2,5,0,3,0,0,0,0,28,1,0
Project/miaosha/miaosha-v1/src/main/java/com/geekq/miaosha/redis/OrderKey.java,com.geekq.miaosha.redis.OrderKey,class,2,3,1,2,1,2,0,0,0,1,NaN,NaN,1,0,1,0,0,0,1,0,0,0,1,1,1,0,0,0,0,0,0,6,0,0,0,0,0,1,0,1,0,1,0,0,0,0,10,1,0
Project/miaosha/miaosha-v2/miaosha-common/src/main/java/com/geekq/miasha/enums/resultbean/AbstractResult.java,com.geekq.miasha.enums.resultbean.AbstractResult,class,2,4,2,2,16,1,1,3,0,0.5,0.4848485,0.6818182,12,1,9,0,2,1,12,0,0,0,3,0,0,3,0,0,0,0,0,50,8,0,4,0,0,0,0,13,0,3,0,0,0,0,17,1,0
Project/miaosha/miaosha-v1/src/main/java/com/geekq/miaosha/redis/redismanager/lua/RedisLuaLock.java,com.geekq.miaosha.redis.redismanager.lua.RedisLuaLock,class,0,0,0,0,0,1,0,0,0,0,-1,-1,0,0,0,0,0,0,0,0,0,0,0,0,0,0,0,0,0,0,0,2,0,0,0,0,0,0,0,0,0,0,0,0,0,0,3,1,0
Project/miaosha/miaosha-admin/miaosha-admin-common/src/main/java/com/geekq/common/enums/MessageStatus.java,com.geekq.common.enums.MessageStatus$ContentEnum,enum,0,0,0,0,3,1,0,0,0,0.33333334,0,0,3,0,2,1,0,0,2,0,0,0,2,0,0,2,0,0,0,0,0,13,2,0,0,0,0,2,2,2,0,2,0,0,0,0,11,1,0
Project/miaosha/miaosha-v2/miaosha-service/src/main/java/com/geekq/miaosha/mapper/GoodsMapper.java,com.geekq.miaosha.mapper.GoodsMapper,interface,3,3,0,3,3,1,0,0,3,0,0,0,3,0,3,0,0,0,3,0,0,0,0,0,0,0,0,0,0,0,0,5,0,0,0,0,0,1,0,0,0,0,0,0,0,0,12,1,0
Project/miaosha/miaosha-rpc/dubbo-provider/src/main/java/com/geekq/dubbo/springboot/privoder/transaction/TransactionServiceImpl.java,com.geekq.dubbo.springboot.privoder.transaction.TransactionServiceImpl,class,3,3,0,3,15,1,0,2,66,0,0,0,12,0,12,0,0,0,12,0,0,0,0,0,0,0,0,0,0,0,0,61,12,0,0,0,0,19,0,0,6,0,1,0,0,0,32,1,0
Project/miaosha/miaosha-v1/src/main/java/com/geekq/miaosha/rabbitmq/MQReceiver.java,com.geekq.miaosha.rabbitmq.MQReceiver,class,17,18,1,17,4,1,0,17,0,0.5,1,1,2,0,2,0,0,0,2,0,0,0,6,1,0,1,0,5,0,0,3,31,2,0,1,0,0,3,1,9,1,14,1,0,0,0,35,1,2
Project/miaosha/miaosha-v1/src/main/java/com/geekq/miaosha/service/rpchander/enums/PlanStepType.java,com.geekq.miaosha.service.rpchander.enums.PlanStepType,enum,0,0,0,0,5,1,0,0,0,0.4,0.6,1,5,0,4,0,0,1,5,0,0,0,2,0,0,2,0,0,0,0,0,19,2,0,0,0,0,13,13,4,0,2,0,0,0,0,30,1,0
Project/miaosha/miaosha-v2/miaosha-common/src/main/java/com/geekq/miasha/enums/MessageStatus.java,com.geekq.miasha.enums.MessageStatus,class,0,0,0,0,0,1,0,0,0,NaN,-1,-1,0,0,0,0,0,0,0,0,0,0,1,1,1,0,0,0,1,0,0,25,0,0,0,0,0,0,1,1,0,1,0,0,3,0,20,1,0
Project/miaosha/miaosha-v1/src/main/java/com/geekq/miaosha/redis/GoodsKey.java,com.geekq.miaosha.redis.GoodsKey,class,2,3,1,2,1,2,0,0,0,1,-1,-1,1,0,0,1,0,0,0,0,0,0,3,3,3,0,0,0,0,0,0,8,0,0,0,0,0,3,3,3,0,3,0,0,0,0,10,1,0
Project/miaosha/miaosha-admin/miaosha-admin-service/src/main/java/com/geekq/admin/service/impl/RedisCacheStorageServiceImpl.java,com.geekq.admin.service.impl.RedisCacheStorageServiceImpl,class,9,10,1,9,15,1,0,15,1,0.5,0.33333334,0.33333334,3,1,3,0,0,0,3,0,0,0,2,1,0,1,0,1,1,0,3,60,9,0,8,2,0,4,1,10,0,8,2,0,0,0,35,1,2
Project/miaosha/miaosha-v1/src/main/java/com/geekq/miaosha/redis/redismanager/OptimisticLockTest.java,com.geekq.miaosha.redis.redismanager.OptimisticLockTest,class,4,5,1,4,11,1,0,19,6,0,0,0,4,4,4,0,0,0,4,0,0,0,0,0,0,0,0,0,0,0,12,54,0,3,0,1,0,9,5,13,3,13,2,0,0,0,33,1,0
Project/miaosha/miaosha-v1/src/main/java/com/geekq/miaosha/redis/redismanager/RedisLock.java,com.geekq.miaosha.redis.redismanager.RedisLock,class,3,3,0,3,10,1,0,16,1,0,0,0,2,0,2,0,0,0,2,0,0,0,0,0,0,0,0,0,0,0,6,44,3,2,3,2,0,0,3,6,1,6,4,0,0,0,20,1,0
Project/miaosha/miaosha-v2/miaosha-service/src/main/java/com/geekq/miaosha/redis/KeyPrefix.java,KeyPrefix,interface,1,2,1,1,2,1,1,0,1,0,0,0,2,0,2,0,0,0,2,0,0,0,0,0,0,0,0,0,0,0,0,4,0,0,0,0,0,0,0,0,0,0,0,0,0,0,5,1,0
Project/miaosha/miaosha-v2/miaosha-service/src/main/java/com/geekq/miaosha/redis/RedisConfig.java,RedisConfig,class,3,4,1,3,14,1,0,0,77,0.85714287,0,0,14,0,14,0,0,0,14,0,0,0,7,0,0,7,0,0,0,0,0,51,7,0,0,0,0,1,0,7,0,7,0,0,0,0,19,1,0
Project/miaosha/miaosha-admin/miaosha-admin-common/src/main/java/com/geekq/common/utils/resultbean/ResultGeekQ.java,com.geekq.common.utils.resultbean.ResultGeekQ,class,4,9,5,4,11,2,0,1,43,0.72727275,0.10909091,0.18181819,11,3,8,0,3,0,11,0,0,0,2,0,0,2,0,0,0,0,0,38,5,0,0,0,0,1,1,4,0,2,0,0,0,0,20,1,0
Project/miaosha/miaosha-admin/miaosha-admin-api/src/main/java/com/geekq/admin/query/SystemDictionaryQueryObject.java,com.geekq.admin.query.SystemDictionaryQueryObject,class,3,7,4,3,2,1,0,1,0,0.5,NaN,NaN,1,0,1,0,0,0,1,0,0,0,2,0,0,2,0,0,0,0,0,7,1,0,0,0,0,0,0,0,0,2,0,0,0,0,11,1,0
Project/miaosha/miaosha-v2/miaosha-common/src/main/java/com/geekq/miasha/enums/SexEnum.java,com.geekq.miasha.enums.SexEnum,enum,0,0,0,0,2,1,0,0,0,0,1,1,2,0,1,0,0,1,2,0,0,0,1,0,1,0,0,0,1,0,0,8,1,0,0,0,0,0,3,1,0,1,0,0,0,0,17,1,0
Project/miaosha/miaosha-admin/miaosha-admin-api/src/main/java/com/geekq/admin/service/OrdersService.java,com.geekq.admin.service.OrdersService,interface,1,3,2,1,2,1,0,0,1,0,0,0,2,0,2,0,0,0,2,0,0,0,0,0,0,0,0,0,0,0,0,4,0,0,0,0,0,0,0,0,0,0,0,0,0,0,8,1,0
Project/miaosha/miaosha-rpc/dubbo-provider/src/main/java/com/geekq/dubbo/springboot/privoder/transaction/CapServiceImpl.java,com.geekq.dubbo.springboot.privoder.transaction.CapServiceImpl,class,2,2,0,2,2,1,0,0,1,0,0,0,2,0,2,0,0,0,2,0,0,0,0,0,0,0,0,0,0,0,0,8,2,0,0,0,0,0,0,0,0,0,0,0,0,0,19,1,0
Project/miaosha/miaosha-v2/miaosha-common/src/main/java/com/geekq/miasha/entity/MiaoShaMessageUser.java,com.geekq.miasha.entity.MiaoShaMessageUser,class,4,4,0,4,0,1,0,0,0,NaN,-1,-1,0,0,0,0,0,0,0,0,0,0,5,0,0,5,0,0,0,0,0,7,0,0,0,0,0,0,0,0,0,5,0,0,0,0,13,1,0
Project/miaosha/miaosha-v2/miaosha-service/src/main/java/com/geekq/miaosha/redis/BasePrefix.java,BasePrefix,class,3,8,5,3,4,1,5,2,0,0.375,0,0,4,0,4,0,0,0,4,0,0,0,2,0,0,2,0,0,0,0,0,18,2,0,0,0,0,1,1,3,1,3,0,0,0,0,10,1025,0
Project/miaosha/miaosha-v2/miaosha-service/src/main/java/com/geekq/miaosha/rabbitmq/MQConfig.java,MQConfig,class,10,10,0,10,12,1,0,12,66,0.94696975,0,0,12,0,12,0,0,0,12,0,0,0,11,11,11,0,0,0,11,0,0,52,12,0,0,0,0,17,0,12,0,12,0,0,0,0,45,1,0
Project/miaosha/miaosha-v2/miaosha-service/src/main/java/com/geekq/miaosha/redis/redismanager/RedisLimitRateWithLUA.java,com.geekq.miaosha.redis.redismanager.RedisLimitRateWithLUA,class,1,1,0,1,2,1,0,5,0,0,NaN,NaN,1,1,1,0,0,0,1,0,0,0,0,0,0,0,0,0,0,0,1,16,1,0,1,0,0,13,2,8,3,8,0,0,0,0,28,1,0
Project/miaosha/miaosha-v2/miaosha-web/src/main/java/com/geekq/miaosha/controller/LoginController.java,LoginController,class,10,11,1,10,4,1,0,9,0,0.375,0,0,4,0,4,0,0,0,4,0,0,0,2,1,0,2,0,0,0,0,0,26,4,0,0,0,0,9,0,4,0,5,0,0,0,0,34,1,4
Project/miaosha/miaosha-v1/src/main/java/com/geekq/miaosha/redis/RedisService.java,com.geekq.miaosha.redis.RedisService,class,10,23,13,10,49,1,0,38,0,0.1875,0.74285716,0.74285716,16,2,15,1,0,0,15,0,0,0,1,0,0,0,0,1,0,0,4,248,32,1,20,13,0,12,8,55,9,37,3,0,0,0,49,1,5
Project/miaosha/miaosha-admin/miaosha-admin-api/src/main/java/com/geekq/admin/entity/Account.java,com.geekq.admin.entity.Account,class,6,11,5,6,6,2,0,7,0,0.8181818,0.6,0.6666667,6,1,6,0,0,0,6,0,0,0,11,1,0,11,0,0,1,0,2,35,4,0,0,0,0,1,1,10,0,12,0,0,0,0,41,1,0
Project/miaosha/miaosha-v2/miaosha-service/src/main/java/com/geekq/miaosha/mapper/MiaoShaUserMapper.java,com.geekq.miaosha.mapper.MiaoShaUserMapper,interface,2,2,0,2,5,1,0,0,10,0,0,0,5,0,5,0,0,0,5,0,0,0,0,0,0,0,0,0,0,0,0,7,0,0,0,0,0,4,0,0,0,0,0,0,0,0,21,1,0
Project/miaosha/miaosha-v1/src/main/java/com/geekq/miaosha/service/MiaoShaUserService.java,com.geekq.miaosha.service.MiaoShaUserService,class,15,24,9,15,20,1,0,26,5,0.74285716,0.33333334,0.4,7,0,6,1,0,0,6,0,0,0,5,2,1,4,0,0,1,0,7,112,10,0,9,1,0,6,0,26,3,28,2,0,0,0,73,1,1
Project/miaosha/miaosha-admin/miaosha-admin-common/src/main/java/com/geekq/common/utils/DBContextUtil.java,com.geekq.common.utils.DBContextUtil,class,0,1,1,0,2,1,0,2,0,0.6666667,1,1,2,2,2,0,0,0,2,0,0,0,3,3,2,1,0,0,2,0,0,11,1,0,0,0,0,2,0,3,0,3,0,0,0,0,14,1,0
Project/miaosha/miaosha-rpc/dubbo-consumer/src/main/java/com/geekq/dubbo/springboot/consumer/transaction/TransactionConsumer.java,com.geekq.dubbo.springboot.consumer.transaction.TransactionConsumer,class,3,4,1,3,3,1,0,4,3,0.6666667,0,0,3,0,3,0,0,0,3,0,0,0,1,0,0,1,0,0,0,0,0,14,0,0,0,0,0,4,0,0,2,1,0,0,0,0,15,1,0
Project/miaosha/miaosha-v1/src/main/java/com/geekq/miaosha/domain/User.java,com.geekq.miaosha.domain.User,class,4,6,2,4,0,1,0,0,0,NaN,-1,-1,0,0,0,0,0,0,0,0,0,0,2,0,0,2,0,0,0,0,0,4,0,0,0,0,0,0,0,0,0,2,0,0,0,0,3,1,0
Project/miaosha/miaosha-v1/src/main/java/com/geekq/miaosha/utils/DBUtil.java,com.geekq.miaosha.utils.DBUtil,class,1,3,2,1,3,1,0,8,0,0,0,0,1,1,1,0,0,0,2,0,0,0,1,1,0,1,0,0,0,0,2,22,1,0,0,1,0,5,0,6,0,6,1,0,0,0,17,1,0
Project/miaosha/miaosha-admin/miaosha-admin-api/src/main/java/com/geekq/admin/entity/BaseDomain.java,com.geekq.admin.entity.BaseDomain,class,2,7,5,2,0,1,5,0,0,NaN,-1,-1,0,0,0,0,0,0,0,0,0,0,1,0,0,0,1,0,0,0,0,3,0,0,0,0,0,0,0,0,0,1,0,0,0,0,6,1,0
Project/miaosha/miaosha-v1/src/main/java/com/geekq/miaosha/vo/MiaoShaMessageVo.java,com.geekq.miaosha.vo.MiaoShaMessageVo,class,4,7,3,4,0,1,0,0,0,NaN,-1,-1,0,0,0,0,0,0,0,0,0,0,15,1,0,15,0,0,1,0,0,17,0,0,0,0,0,0,1,1,0,15,0,0,0,0,33,1,0
Project/miaosha/miaosha-v2/miaosha-common/src/main/java/com/geekq/miasha/entity/Logininfo.java,com.geekq.miasha.entity.Logininfo,class,4,6,2,4,0,1,0,0,0,NaN,-1,-1,0,0,0,0,0,0,0,0,0,0,9,0,0,9,0,0,0,0,0,11,0,0,0,0,0,0,0,2,0,9,0,0,0,0,16,1,0
Project/miaosha/miaosha-v1/src/main/java/com/geekq/miaosha/redis/Userkey.java,com.geekq.miaosha.redis.Userkey,class,2,3,1,2,1,2,0,0,0,1,-1,-1,1,0,0,1,0,0,0,0,0,0,2,2,2,0,0,0,0,0,0,7,0,0,0,0,0,2,0,2,0,2,0,0,0,0,8,1,0
Project/miaosha/miaosha-v2/miaosha-web/src/main/java/com/geekq/miaosha/config/WebConfig.java,WebConfig,class,8,8,0,8,2,1,0,5,1,0.5,0,0,2,0,2,0,0,0,2,0,0,0,3,0,0,1,0,2,1,0,0,12,0,0,0,0,0,2,0,1,0,3,0,0,0,0,23,1,0
Project/miaosha/miaosha-admin/miaosha-admin-api/src/main/java/com/geekq/admin/query/IpLogQueryObject.java,com.geekq.admin.query.IpLogQueryObject,class,5,8,3,5,4,1,0,1,1,0.8333333,0.33333334,0.33333334,3,0,3,0,0,0,3,0,0,0,6,0,0,6,0,0,0,0,1,20,2,0,1,0,0,2,2,4,0,6,1,0,0,0,19,1,0
Project/miaosha/miaosha-v1/src/main/java/com/geekq/miaosha/common/resultbean/AbstractResult.java,com.geekq.miaosha.common.resultbean.AbstractResult,class,2,8,6,2,15,1,1,3,0,0.45454547,0.58181816,0.8181818,11,1,9,0,2,0,11,0,0,0,3,0,0,3,0,0,0,0,0,48,8,0,4,0,0,0,0,13,0,3,0,0,0,0,17,1,0
Project/miaosha/miaosha-admin/miaosha-admin-common/src/main/java/com/geekq/common/utils/numcal/DecimalFormatUtil.java,com.geekq.common.utils.numcal.DecimalFormatUtil,class,0,1,1,0,6,1,0,5,10,0,0,0,5,5,5,0,0,0,5,0,0,0,0,0,0,0,0,0,0,0,3,20,6,0,1,0,0,0,4,2,0,0,1,0,0,0,14,1,0
Project/miaosha/miaosha-admin/miaosha-admin-web/src/main/java/com/geekq/web/interceptor/AddGlobalUtilInterceptor.java,com.geekq.web.interceptor.AddGlobalUtilInterceptor,class,6,6,0,6,2,2,0,2,0,0,NaN,NaN,1,0,1,0,0,0,1,0,0,0,1,0,0,1,0,0,0,0,0,9,0,0,1,0,0,1,0,0,0,1,1,0,0,0,23,1,0
Project/miaosha/miaosha-v1/src/main/java/com/geekq/miaosha/dao/MiaoShaMessageDao.java,com.geekq.miaosha.dao.MiaoShaMessageDao,interface,7,8,1,7,5,1,0,0,10,0,0,0,5,0,5,0,0,0,5,0,0,0,0,0,0,0,0,0,0,0,0,7,0,0,0,0,0,16,0,0,3,0,0,0,0,0,46,1,0
Project/miaosha/miaosha-order/miaosha-order-provider/src/main/java/com/geekq/provider/service/impl/GoodsGroupServiceImpl.java,com.geekq.provider.service.impl.GoodsGroupServiceImpl,class,4,4,0,4,3,1,0,1,3,0,0,0,3,0,3,0,0,0,3,0,0,0,0,0,0,0,0,0,0,0,0,14,3,0,0,0,0,4,0,0,0,0,0,0,0,0,16,1,0
Project/miaosha/miaosha-v2/miaosha-service/src/main/java/com/geekq/miaosha/mapper/OrderMapper.java,com.geekq.miaosha.mapper.OrderMapper,interface,3,3,0,3,6,1,0,0,15,0,0,0,6,0,6,0,0,0,6,0,0,0,0,0,0,0,0,0,0,0,0,8,0,0,0,0,0,5,0,0,0,0,0,0,0,0,21,1,0
Project/miaosha/miaosha-v2/miaosha-common/src/main/java/com/geekq/miasha/utils/UserContext2.java,com.geekq.miasha.utils.UserContext2,class,4,5,1,4,3,1,0,6,1,0.33333334,1,1,3,3,2,1,0,0,2,0,0,0,1,1,1,0,0,0,1,0,2,12,2,0,0,0,1,1,0,1,0,1,0,0,0,0,22,1,0
Project/miaosha/miaosha-admin/miaosha-admin-web/src/main/java/com/geekq/web/service/CulsterService.java,com.geekq.web.service.CulsterService,interface,0,2,2,0,2,1,0,0,1,0,0,0,2,0,2,0,0,0,2,0,0,0,0,0,0,0,0,0,0,0,0,4,0,0,0,0,0,0,0,0,0,0,0,0,0,0,8,1,0
Project/miaosha/miaosha-v2/miaosha-common/src/main/java/com/geekq/miasha/vo/MiaoShaMessageVo.java,com.geekq.miasha.vo.MiaoShaMessageVo,class,4,4,0,4,0,1,0,0,0,NaN,-1,-1,0,0,0,0,0,0,0,0,0,0,15,1,0,15,0,0,1,0,0,17,0,0,0,0,0,0,1,1,0,15,0,0,0,0,33,1,0
Project/miaosha/miaosha-v1/src/main/java/com/geekq/miaosha/access/AccessInterceptor.java,com.geekq.miaosha.access.AccessInterceptor,class,17,19,2,17,18,2,0,33,10,0.8,0,0,5,0,2,3,0,0,2,0,0,0,3,1,0,1,0,2,0,0,4,76,9,1,4,0,0,4,2,17,1,18,3,0,0,0,67,1,1
Project/miaosha/miaosha-v2/miaosha-common/src/main/java/com/geekq/miasha/entity/Goods.java,com.geekq.miasha.entity.Goods,class,4,5,1,4,0,1,1,0,0,NaN,-1,-1,0,0,0,0,0,0,0,0,0,0,7,0,0,7,0,0,0,0,0,9,0,0,0,0,0,0,0,0,0,7,0,0,0,0,12,1,0
Project/miaosha/miaosha-admin/miaosha-admin-api/src/main/java/com/geekq/admin/pojo/Orders.java,com.geekq.admin.pojo.Orders,class,0,3,3,0,9,1,0,1,9,0.6666667,0.2,0.2,6,0,6,0,0,0,6,0,0,0,3,0,0,3,0,0,0,0,0,23,3,0,3,0,0,0,0,3,0,3,0,0,0,0,11,1,0
Project/miaosha/miaosha-v2/miaosha-common/src/main/java/com/geekq/miasha/enums/enums/MessageStatus.java,com.geekq.miasha.enums.enums.MessageStatus$messageType,enum,0,0,0,0,2,1,0,0,0,0,NaN,NaN,2,0,1,1,0,0,1,0,0,0,1,0,0,1,0,0,0,0,0,8,1,0,0,0,0,3,0,1,0,1,0,0,0,0,8,1,0
Project/miaosha/miaosha-v2/miaosha-web/src/main/java/com/geekq/miaosha/config/DruidConfig.java,DruidConfig,class,8,8,0,8,39,1,0,21,599,0.9225147,0,0,38,0,38,0,0,0,38,0,0,0,18,0,0,18,0,0,0,0,0,164,20,0,0,1,0,10,0,20,0,20,1,0,0,0,67,1,0
Project/miaosha/miaosha-v1/src/main/java/com/geekq/miaosha/mybatis/vo/TeacherVo.java,com.geekq.miaosha.mybatis.vo.TeacherVo,class,2,4,2,2,0,1,0,0,0,NaN,-1,-1,0,0,0,0,0,0,0,0,0,0,6,0,0,6,0,0,0,0,0,8,0,0,0,0,0,0,0,0,0,6,0,0,0,0,11,1,0
Project/miaosha/miaosha-v2/miaosha-service/src/main/java/com/geekq/miaosha/redis/redismanager/RedisLock.java,RedisLock,class,4,4,0,4,10,1,0,16,1,0,0,0,2,0,2,0,0,0,2,0,0,0,0,0,0,0,0,0,0,0,0,44,3,2,3,2,0,0,3,6,1,6,4,0,0,0,20,1,0
Project/miaosha/miaosha-v2/miaosha-service/src/main/java/com/geekq/miaosha/mapper/LogininfoMapper.java,com.geekq.miaosha.mapper.LogininfoMapper,interface,2,3,1,2,9,1,0,0,36,0,0,0,9,0,0,0,0,9,9,0,0,0,0,0,0,0,0,0,0,0,0,11,0,0,0,0,0,9,0,0,0,0,0,0,0,0,23,1,0
Project/miaosha/miaosha-v1/src/main/java/com/geekq/miaosha/domain/OrderInfo.java,com.geekq.miaosha.domain.OrderInfo,class,4,9,5,4,0,1,0,0,0,NaN,-1,-1,0,0,0,0,0,0,0,0,0,0,11,0,0,11,0,0,0,0,0,13,0,0,0,0,0,0,0,0,0,11,0,0,0,0,20,1,0
Project/miaosha/miaosha-admin/miaosha-admin-api/src/main/java/com/geekq/admin/pojo/OrdersExample.java,com.geekq.admin.pojo.OrdersExample$Criteria,innerclass,1,1,0,1,1,2,0,0,0,0,NaN,NaN,1,0,0,0,1,0,1,0,0,0,0,0,0,0,0,0,0,0,0,5,0,0,0,0,0,0,0,0,0,0,0,0,0,0,2,9,0
Project/miaosha/miaosha-v1/src/main/java/com/geekq/miaosha/access/AccessKey.java,com.geekq.miaosha.access.AccessKey,class,2,4,2,2,2,2,0,0,1,0,NaN,NaN,2,1,1,1,0,0,1,0,0,0,0,0,0,0,0,0,0,0,0,8,1,0,0,0,0,1,0,0,0,0,0,0,0,0,9,1,0
Project/miaosha/miaosha-v1/src/main/java/com/geekq/miaosha/dao/UserDao.java,com.geekq.miaosha.dao.UserDao,interface,5,6,1,5,2,1,0,0,1,0,0,0,2,0,2,0,0,0,2,0,0,0,0,0,0,0,0,0,0,0,0,4,0,0,0,0,0,3,0,0,0,0,0,0,0,0,13,1,0
Project/miaosha/miaosha-admin/miaosha-admin-common/src/main/java/com/geekq/common/utils/md5/MD5Utils.java,com.geekq.common.utils.md5.MD5Utils,class,2,5,3,2,5,1,0,6,8,0.6,0.1,0.1,5,5,5,0,0,0,5,0,1,0,1,1,0,1,0,0,0,0,4,25,5,0,0,0,0,3,13,7,3,7,0,0,0,0,21,1,0
Project/miaosha/miaosha-v1/src/main/java/com/geekq/miaosha/common/enums/ResultStatus.java,com.geekq.miaosha.common.enums.ResultStatus,enum,1,9,8,1,9,1,0,3,18,0.61111116,0.0952381,0.0952381,9,0,7,2,0,0,7,0,0,0,2,0,0,2,0,0,0,0,1,36,5,0,0,0,0,29,29,5,0,2,0,0,0,0,40,1,0
Project/miaosha/miaosha-v1/src/main/java/com/geekq/miaosha/service/MiaoShaMessageService.java,com.geekq.miaosha.service.MiaoShaMessageService,class,7,9,2,7,2,1,0,18,0,0,1,1,2,0,2,0,0,0,2,0,0,0,1,0,0,1,0,0,0,0,0,21,1,0,0,0,0,0,0,2,0,3,0,0,0,0,22,1,0
Project/miaosha/miaosha-order/miaosha-order-provider/src/main/java/com/geekq/provider/mapper/GoodsMapper.java,com.geekq.provider.mapper.GoodsMapper,interface,3,4,1,3,3,1,0,0,3,0,0,0,3,0,3,0,0,0,3,0,0,0,0,0,0,0,0,0,0,0,0,5,0,0,0,0,0,1,0,0,0,0,0,0,0,0,13,1,0
Project/miaosha/miaosha-v1/src/main/java/com/geekq/miaosha/redis/BasePrefix.java,com.geekq.miaosha.redis.BasePrefix,class,1,9,8,1,4,1,7,2,0,0.375,0.6666667,1,4,0,4,0,0,0,4,0,0,0,2,0,0,2,0,0,0,0,0,18,2,0,0,0,0,1,1,3,1,3,0,0,0,0,10,1025,0
Project/miaosha/miaosha-v1/src/main/java/com/geekq/miaosha/controller/LoginController.java,com.geekq.miaosha.controller.LoginController,class,14,15,1,14,3,1,0,10,0,0.16666667,1,1,3,0,3,0,0,0,3,0,0,0,2,1,0,2,0,0,0,0,3,23,3,0,0,0,0,7,0,4,0,5,0,0,0,0,31,1,4
Project/miaosha/miaosha-v2/miaosha-web/src/main/java/com/geekq/miaosha/GeekQMainApplication.java,GeekQMainApplication,class,4,5,1,4,1,1,0,1,0,0,NaN,NaN,1,1,1,0,0,0,1,0,0,0,0,0,0,0,0,0,0,0,0,5,0,0,0,0,0,2,0,0,0,0,0,0,0,0,8,1,0
Project/miaosha/miaosha-v2/miaosha-web/src/main/java/com/geekq/miaosha/controller/RegisterController.java,RegisterController,class,11,12,1,11,5,1,0,9,4,0.8333333,0,0,4,0,4,0,0,0,4,0,0,0,3,1,0,3,0,0,0,0,0,28,4,0,0,0,0,10,1,5,0,7,1,0,0,0,34,1,0
Project/miaosha/miaosha-v2/miaosha-common/src/main/java/com/geekq/miasha/enums/MessageStatus.java,com.geekq.miasha.enums.MessageStatus$sendType,enum,0,0,0,0,0,1,0,0,0,0,-1,-1,0,0,0,0,0,0,0,0,0,0,0,0,0,0,0,0,0,0,0,1,0,0,0,0,0,0,0,0,0,0,0,0,0,0,3,1,0
Project/miaosha/miaosha-admin/miaosha-admin-service/src/main/java/com/geekq/admin/service/impl/OrdersServiceImpl.java,com.geekq.admin.service.impl.OrdersServiceImpl,class,7,8,1,7,2,1,0,6,1,0.5,0,0,2,0,2,0,0,0,2,0,0,0,2,1,0,1,0,1,1,0,1,12,2,0,0,0,0,4,0,2,0,3,0,0,0,0,15,1,1
Project/miaosha/miaosha-admin/miaosha-admin-common/src/main/java/com/geekq/common/utils/Constanst.java,com.geekq.common.utils.Constanst$orderStaus,enum,0,0,0,0,3,1,0,0,0,0,1,1,3,0,2,0,0,1,3,0,0,0,1,0,0,1,0,0,0,0,0,11,1,0,0,0,0,1,0,2,0,1,0,0,0,0,17,1,0
Project/miaosha/miaosha-v1/src/main/java/com/geekq/miaosha/config/UserArgumentResolver.java,com.geekq.miaosha.config.UserArgumentResolver,class,10,11,1,10,3,1,0,2,1,1,0,0,2,0,2,0,0,0,2,0,0,0,1,0,0,1,0,0,0,0,1,10,2,0,1,0,0,0,0,1,0,2,0,0,0,0,27,1,0
Project/miaosha/miaosha-v1/src/main/java/com/geekq/miaosha/utils/DateTimeUtils.java,com.geekq.miaosha.utils.DateTimeUtils,class,2,3,1,2,6,1,0,4,4,0.5,0.16666667,0.16666667,4,4,4,0,0,0,4,0,0,0,1,1,1,0,0,0,1,0,0,27,6,0,2,0,0,1,0,7,0,7,1,0,0,0,24,1,0
Project/miaosha/miaosha-admin/miaosha-admin-web/src/main/java/com/geekq/web/service/impl/CulsterServiceImpl.java,com.geekq.web.service.impl.CulsterServiceImpl,class,6,7,1,6,2,1,0,2,0,0.5,1,1,2,0,2,0,0,0,2,0,0,0,2,1,0,1,0,1,1,0,0,12,1,0,0,0,0,1,1,3,0,4,0,0,0,0,19,1,0
Project/miaosha/miaosha-v2/miaosha-common/src/main/java/com/geekq/miasha/vo/GoodsVo.java,com.geekq.miasha.vo.GoodsVo,class,6,8,2,6,0,2,0,0,0,NaN,-1,-1,0,0,0,0,0,0,0,0,0,0,4,0,0,4,0,0,0,0,0,6,0,0,0,0,0,1,0,0,0,4,0,0,0,0,11,1,0
Project/miaosha/miaosha-admin/miaosha-admin-common/src/main/java/com/geekq/common/utils/resultbean/AbstractResult.java,com.geekq.common.utils.resultbean.AbstractResult,class,2,7,5,2,16,1,1,3,0,0.4722222,0.530303,0.6818182,12,1,9,0,2,1,12,0,0,0,3,0,0,3,0,0,0,0,0,51,8,0,4,0,0,0,0,14,0,3,0,0,0,0,17,1,0
Project/miaosha/miaosha-v2/miaosha-common/src/main/java/com/geekq/miasha/vo/GoodsDetailVo.java,com.geekq.miasha.vo.GoodsDetailVo,class,6,6,0,6,0,1,0,0,0,NaN,-1,-1,0,0,0,0,0,0,0,0,0,0,4,0,0,4,0,0,0,0,0,6,0,0,0,0,0,0,2,2,0,4,0,0,0,0,12,1,0
Project/miaosha/miaosha-v2/miaosha-common/src/main/java/com/geekq/miasha/enums/enums/MessageStatus.java,com.geekq.miasha.enums.enums.MessageStatus$sendType,enum,0,0,0,0,0,1,0,0,0,0,-1,-1,0,0,0,0,0,0,0,0,0,0,0,0,0,0,0,0,0,0,0,1,0,0,0,0,0,0,0,0,0,0,0,0,0,0,3,1,0
Project/miaosha/miaosha-admin/miaosha-admin-api/src/main/java/com/geekq/admin/entity/IpLog.java,com.geekq.admin.entity.IpLog,class,4,8,4,4,4,2,0,0,1,0.625,0.33333334,0.33333334,3,0,3,0,0,0,3,0,0,0,8,2,2,6,0,0,0,0,0,25,1,0,1,0,0,3,2,8,0,8,0,0,0,0,31,1,0
Project/miaosha/miaosha-v1/src/main/java/com/geekq/miaosha/domain/MiaoshaUser.java,com.geekq.miaosha.domain.MiaoshaUser,class,4,18,14,4,1,1,0,0,0,0,NaN,NaN,1,0,1,0,0,0,1,0,0,0,8,0,0,8,0,0,0,0,0,13,1,0,0,0,0,9,0,0,2,8,0,0,0,0,17,1,0
Project/miaosha/miaosha-admin/miaosha-admin-service/src/main/java/com/geekq/admin/mapper/LogininfoMapper.java,com.geekq.admin.mapper.LogininfoMapper,interface,2,3,1,2,9,1,0,0,36,0,0,0,9,0,0,0,0,9,9,0,0,0,0,0,0,0,0,0,0,0,0,11,0,0,0,0,0,9,0,0,0,0,0,0,0,0,23,1,0
Project/miaosha/miaosha-admin/miaosha-admin-api/src/main/java/com/geekq/admin/query/PageResult.java,com.geekq.admin.query.PageResult,class,1,6,5,1,12,1,0,3,20,0.68749994,0.34848484,0.8333333,12,1,12,0,0,0,12,0,0,0,4,0,0,4,0,0,0,0,3,45,8,0,0,0,1,0,9,8,5,4,0,0,0,0,18,1,0
Project/miaosha/miaosha-order/miaosha-order-api/src/main/java/com/geekq/api/entity/MiaoshaGoods.java,com.geekq.api.entity.MiaoshaGoods,class,5,7,2,5,0,1,0,0,0,NaN,-1,-1,0,0,0,0,0,0,0,0,0,0,5,0,0,5,0,0,0,0,0,7,0,0,0,0,0,1,0,0,0,5,0,0,0,0,13,1,0
Project/miaosha/miaosha-v1/src/main/java/com/geekq/miaosha/vo/GoodsDetailVo.java,com.geekq.miaosha.vo.GoodsDetailVo,class,6,7,1,6,0,1,0,0,0,NaN,-1,-1,0,0,0,0,0,0,0,0,0,0,4,0,0,4,0,0,0,0,0,6,0,0,0,0,0,0,2,2,0,4,0,0,0,0,11,1,0
Project/miaosha/miaosha-v1/src/main/java/com/geekq/miaosha/domain/MiaoShaMessageUser.java,com.geekq.miaosha.domain.MiaoShaMessageUser,class,4,6,2,4,0,1,0,0,0,NaN,-1,-1,0,0,0,0,0,0,0,0,0,0,5,0,0,5,0,0,0,0,0,7,0,0,0,0,0,0,0,0,0,5,0,0,0,0,13,1,0
Project/miaosha/miaosha-v1/src/main/java/com/geekq/miaosha/mybatis/vo/TeacherListVo.java,com.geekq.miaosha.mybatis.vo.TeacherListVo,class,3,5,2,3,1,1,0,0,0,0,NaN,NaN,1,0,1,0,0,0,1,0,0,0,4,0,0,4,0,0,0,0,0,9,1,0,0,0,0,5,0,0,2,4,0,0,0,0,13,1,0
Project/miaosha/miaosha-v1/src/main/java/com/geekq/miaosha/common/enums/MessageStatus.java,com.geekq.miaosha.common.enums.MessageStatus$sendType,enum,0,0,0,0,0,1,0,0,0,0,-1,-1,0,0,0,0,0,0,0,0,0,0,0,0,0,0,0,0,0,0,0,1,0,0,0,0,0,0,0,0,0,0,0,0,0,0,3,1,0
Project/miaosha/miaosha-v1/src/main/java/com/geekq/miaosha/vo/GoodsVo.java,com.geekq.miaosha.vo.GoodsVo,class,5,15,10,5,0,2,0,0,0,NaN,-1,-1,0,0,0,0,0,0,0,0,0,0,4,0,0,4,0,0,0,0,0,6,0,0,0,0,0,0,0,0,0,4,0,0,0,0,11,1,0
Project/miaosha/miaosha-v1/src/main/java/com/geekq/miaosha/domain/Goods.java,com.geekq.miaosha.domain.Goods,class,4,5,1,4,0,1,1,0,0,NaN,-1,-1,0,0,0,0,0,0,0,0,0,0,7,0,0,7,0,0,0,0,0,9,0,0,0,0,0,0,0,0,0,7,0,0,0,0,12,1,0
Project/miaosha/miaosha-v2/miaosha-common/src/main/java/com/geekq/miasha/exception/GlobleException.java,com.geekq.miasha.exception.GlobleException,class,1,2,1,1,3,4,0,0,0,0,1,1,3,0,3,0,0,0,3,0,0,0,1,0,0,1,0,0,0,0,0,13,1,0,0,0,0,0,0,2,0,1,0,0,0,0,8,1,0
Project/miaosha/miaosha-admin/miaosha-admin-common/src/main/java/com/geekq/common/enums/YesOrNo.java,com.geekq.common.enums.YesOrNo,enum,0,0,0,0,2,1,0,0,0,0,1,1,2,0,1,0,0,1,2,0,0,0,1,0,1,0,0,0,1,0,0,8,1,0,0,0,0,0,2,1,0,1,0,0,0,0,12,1,0
Project/miaosha/miaosha-admin/miaosha-admin-web/src/main/java/com/geekq/web/controller/LoginController.java,com.geekq.web.controller.LoginController,class,14,15,1,14,2,2,0,10,0,0.6666667,NaN,NaN,1,0,1,0,0,0,1,0,0,0,3,1,0,3,0,0,0,0,2,14,1,0,0,0,0,1,0,3,0,5,1,0,0,0,21,1,0
Project/miaosha/miaosha-v2/miaosha-service/src/main/java/com/geekq/miaosha/service/OrderService.java,OrderService,class,9,13,4,9,5,1,0,25,0,0.375,0,0,4,0,4,0,0,0,4,0,0,0,2,0,0,1,0,1,0,0,0,37,3,1,0,0,0,5,4,4,3,6,1,0,0,0,26,1,0
Project/miaosha/miaosha-v1/src/main/java/com/geekq/miaosha/redis/redismanager/OptimisticLockTest.java,com.geekq.miaosha.redis.redismanager.ClientThread,class,3,4,1,3,8,1,0,17,0,0.375,1,1,2,0,2,0,0,0,2,0,0,0,4,0,0,0,0,4,0,0,6,48,0,1,1,2,1,11,3,8,7,7,4,0,0,0,23,0,0
Project/miaosha/miaosha-admin/miaosha-admin-service/src/main/java/com/geekq/admin/service/impl/AccountServiceImpl.java,com.geekq.admin.service.impl.AccountServiceImpl,class,5,5,0,5,5,1,0,3,0,0,1,1,4,0,4,0,0,0,4,0,0,0,1,0,0,1,0,0,0,0,0,19,2,1,0,0,0,1,0,3,0,4,1,0,0,0,17,1,0
Project/miaosha/miaosha-v1/src/main/java/com/geekq/miaosha/GeekQMainApplication.java,com.geekq.miaosha.GeekQMainApplication,class,3,4,1,3,1,1,0,1,0,0,NaN,NaN,1,1,1,0,0,0,1,0,0,0,0,0,0,0,0,0,0,0,0,5,0,0,0,0,0,0,0,0,0,0,0,0,0,0,7,1,0
Project/miaosha/miaosha-admin/miaosha-admin-web/src/main/java/com/geekq/web/controller/RegisterController.java,com.geekq.web.controller.RegisterController,class,11,12,1,11,4,2,0,9,0,0,1,1,2,0,2,0,0,0,2,0,0,0,2,1,0,2,0,0,1,0,1,27,2,0,0,2,0,5,0,3,0,4,1,0,0,0,25,1,2
Project/miaosha/miaosha-v2/miaosha-common/src/main/java/com/geekq/miasha/enums/Constanst.java,com.geekq.miasha.enums.Constanst$orderStaus,enum,0,0,0,0,3,1,0,0,0,0,1,1,3,0,2,0,0,1,3,0,0,0,1,0,0,1,0,0,0,0,0,11,1,0,0,0,0,1,0,2,0,1,0,0,0,0,17,1,0
Project/miaosha/miaosha-rpc/dubbo-provider/src/main/java/com/geekq/dubbo/springboot/privoder/quickstart/QuickstartServiceImpl.java,com.geekq.dubbo.springboot.privoder.quickstart.QuickstartServiceImpl,class,1,1,0,1,4,1,0,0,6,0,0,0,4,0,4,0,0,0,4,0,0,0,0,0,0,0,0,0,0,0,0,14,4,0,0,0,0,1,0,0,1,0,0,0,0,0,21,1,0
Project/miaosha/miaosha-rpc/dubbo-consumer/src/main/java/com/geekq/dubbo/springboot/consumer/config/TCCConfig.java,com.geekq.dubbo.springboot.consumer.config.TCCConfig,class,1,1,0,1,0,1,0,0,0,0,-1,-1,0,0,0,0,0,0,0,0,0,0,0,0,0,0,0,0,0,0,0,2,0,0,0,0,0,0,0,0,0,0,0,0,0,0,3,1,0
Project/miaosha/miaosha-admin/miaosha-admin-common/src/main/java/com/geekq/common/utils/Constanst.java,com.geekq.common.utils.Constanst,class,0,0,0,0,0,1,0,0,0,NaN,-1,-1,0,0,0,0,0,0,0,0,0,0,2,2,2,0,0,0,0,0,0,15,0,0,0,0,0,2,0,2,0,2,0,0,1,0,26,1,0
Project/miaosha/miaosha-v2/miaosha-common/src/main/java/com/geekq/miasha/entity/OrderInfo.java,com.geekq.miasha.entity.OrderInfo,class,5,7,2,5,0,1,0,0,0,NaN,-1,-1,0,0,0,0,0,0,0,0,0,0,11,0,0,11,0,0,0,0,0,13,0,0,0,0,0,1,0,0,0,11,0,0,0,0,20,1,0
Project/miaosha/miaosha-v1/src/main/java/com/geekq/miaosha/redis/redismanager/RedisManager.java,com.geekq.miaosha.redis.redismanager.RedisManager,class,3,5,2,3,3,1,0,3,0,0,0,0,1,1,1,0,0,0,2,0,0,0,1,1,0,1,0,0,0,0,0,15,1,0,1,0,0,2,2,2,0,2,1,0,0,0,12,1,0
Project/miaosha/miaosha-v1/src/main/java/com/geekq/miaosha/redis/RedissLockUtil.java,com.geekq.miaosha.redis.RedissLockUtil,class,1,1,0,1,5,1,0,4,0,0,1,1,5,5,5,0,0,0,5,0,0,0,1,1,0,1,0,0,0,0,0,18,0,0,0,0,0,0,0,1,0,1,0,0,0,0,15,1,0
Project/miaosha/miaosha-v2/miaosha-service/src/main/java/com/geekq/miaosha/rabbitmq/MQReceiver.java,MQReceiver,class,15,16,1,15,4,1,0,13,0,0.33333334,NaN,NaN,1,0,1,0,0,0,1,0,0,0,6,1,0,2,0,4,0,0,0,28,2,0,1,0,0,1,1,8,1,13,1,0,0,0,30,1,1
Project/miaosha/miaosha-v1/src/main/java/com/geekq/miaosha/common/enums/MessageStatus.java,com.geekq.miaosha.common.enums.MessageStatus$messageType,enum,0,0,0,0,2,1,0,0,0,0,NaN,NaN,2,0,1,1,0,0,1,0,0,0,1,0,0,1,0,0,0,0,0,8,1,0,0,0,0,3,0,1,0,1,0,0,0,0,8,1,0
Project/miaosha/miaosha-admin/miaosha-admin-common/src/main/java/com/geekq/common/utils/numcal/BidConst.java,com.geekq.common.utils.numcal.BidConst,class,0,0,0,0,0,1,0,0,0,NaN,-1,-1,0,0,0,0,0,0,0,0,0,0,46,46,46,0,0,0,46,0,0,48,0,0,0,0,0,7,39,46,0,46,0,0,0,0,32,1,0
Project/miaosha/miaosha-v1/src/main/java/com/geekq/miaosha/controller/MiaoShaMessageController.java,com.geekq.miaosha.controller.MiaoShaMessageController,class,11,11,0,11,5,1,0,7,0,0.5,1,1,2,0,2,0,0,0,2,0,0,0,2,0,0,2,0,0,0,0,3,25,4,0,0,0,0,12,0,3,0,5,1,0,0,0,24,1,0
Project/miaosha/miaosha-v1/src/main/java/com/geekq/miaosha/service/UserService.java,com.geekq.miaosha.service.UserService,class,4,4,0,4,1,1,0,1,0,0,NaN,NaN,1,0,1,0,0,0,1,0,0,0,1,0,0,1,0,0,0,0,0,6,1,0,0,0,0,0,0,0,0,1,0,0,0,0,8,1,0
Project/miaosha/miaosha-v1/src/main/java/com/geekq/miaosha/service/rpchander/vo/PlanOrder.java,com.geekq.miaosha.service.rpchander.vo.PlanOrder,class,0,1,1,0,24,1,0,0,252,0.91666675,0.04347826,0.04347826,24,0,24,0,0,0,24,0,0,0,12,0,0,12,0,0,0,0,0,86,12,0,0,0,0,0,0,12,0,12,0,0,0,0,30,1,0
Project/miaosha/miaosha-v1/src/main/java/com/geekq/miaosha/rabbitmq/MiaoshaMessage.java,com.geekq.miaosha.rabbitmq.MiaoshaMessage,class,1,4,3,1,4,1,0,0,2,0.5,0.33333334,0.33333334,4,0,4,0,0,0,4,0,0,0,2,0,0,2,0,0,0,0,0,16,2,0,0,0,0,0,0,2,0,2,0,0,0,0,9,1,0
Project/miaosha/miaosha-v2/miaosha-service/src/main/java/com/geekq/miaosha/redis/redismanager/RedisManager.java,RedisManager,class,4,4,0,4,3,1,0,3,0,0,0,0,1,1,1,0,0,0,2,0,0,0,1,1,0,1,0,0,0,0,0,15,1,0,1,0,0,2,2,2,0,2,1,0,0,0,12,1,0
Project/miaosha/miaosha-v1/src/main/java/com/geekq/miaosha/utils/ValidatorUtil.java,com.geekq.miaosha.utils.ValidatorUtil,class,0,1,1,0,2,1,0,4,0,0,NaN,NaN,1,1,1,0,0,0,1,0,0,0,1,1,0,1,0,0,1,0,1,10,2,0,0,0,0,1,0,2,0,2,1,0,0,0,11,1,0
Project/miaosha/miaosha-v1/src/main/java/com/geekq/miaosha/timeTask/OrderCloseTask.java,com.geekq.miaosha.timeTask.OrderCloseTask,class,7,8,1,7,10,1,0,14,0,0.5555556,NaN,NaN,3,0,1,2,0,0,1,0,0,0,3,0,0,3,0,0,0,0,7,43,0,0,5,0,1,8,5,6,2,9,3,0,0,0,37,1,8
Project/miaosha/miaosha-v2/miaosha-common/src/main/java/com/geekq/miasha/enums/MessageStatus.java,com.geekq.miasha.enums.MessageStatus$ContentEnum,enum,0,0,0,0,3,1,0,0,0,0.33333334,0,0,3,0,2,1,0,0,2,0,0,0,2,0,0,2,0,0,0,0,0,13,2,0,0,0,0,2,2,2,0,2,0,0,0,0,11,1,0
Project/miaosha/miaosha-v1/src/main/java/com/geekq/miaosha/utils/MD5Util.java,com.geekq.miaosha.utils.MD5Util,class,1,3,2,1,5,1,0,6,8,0.6,0.1,0.1,5,5,5,0,0,0,5,0,0,0,1,1,0,1,0,0,1,0,5,23,4,0,0,0,0,4,8,5,2,5,0,0,0,0,18,1,0
Project/miaosha/miaosha-v2/miaosha-service/src/main/java/com/geekq/miaosha/redis/Userkey.java,Userkey,class,2,3,1,2,1,1,0,0,0,1,-1,-1,1,0,0,1,0,0,0,0,0,0,2,2,2,0,0,0,0,0,0,7,0,0,0,0,0,2,0,2,0,2,0,0,0,0,8,1,0
Project/miaosha/miaosha-admin/miaosha-admin-api/src/main/java/com/geekq/admin/query/QueryObject.java,com.geekq.admin.query.QueryObject,class,2,4,2,2,1,1,2,0,0,0,NaN,NaN,1,0,1,0,0,0,1,0,0,0,2,0,0,2,0,0,0,0,0,7,1,0,0,0,1,0,3,2,2,2,0,0,0,0,9,1,0
Project/miaosha/miaosha-admin/miaosha-admin-service/src/main/java/com/geekq/admin/service/impl/RedisCache.java,com.geekq.admin.service.impl.RedisCache,class,6,8,2,6,9,1,0,6,0,0.25,0.5,0.5,4,0,4,0,0,0,4,0,0,0,2,1,0,1,0,1,1,0,0,37,1,0,2,3,0,3,0,3,0,3,2,0,0,0,24,1,3
Project/miaosha/miaosha-v2/miaosha-service/src/main/java/com/geekq/miaosha/redis/redismanager/lua/RedisLuaLock.java,RedisLuaLock,class,0,0,0,0,0,1,0,0,0,0,-1,-1,0,0,0,0,0,0,0,0,0,0,0,0,0,0,0,0,0,0,0,2,0,0,0,0,0,0,0,0,0,0,0,0,0,0,3,1,0
Project/miaosha/miaosha-v1/src/main/java/com/geekq/miaosha/dao/OrderDao.java,com.geekq.miaosha.dao.OrderDao,interface,7,9,2,7,6,1,0,0,15,0,0,0,6,0,6,0,0,0,6,0,0,0,0,0,0,0,0,0,0,0,0,8,0,0,0,0,0,15,0,0,1,0,0,0,0,0,40,1,0
Project/miaosha/miaosha-rpc/dubbo-consumer/src/main/java/com/geekq/dubbo/springboot/consumer/quickstart/QuickstartConsumer.java,com.geekq.dubbo.springboot.consumer.quickstart.QuickstartConsumer,class,2,2,0,2,1,1,0,2,0,0,NaN,NaN,1,0,1,0,0,0,1,0,0,0,1,0,0,0,0,1,0,0,0,6,0,0,0,0,0,0,0,0,0,1,0,0,0,0,12,1,0
Project/miaosha/miaosha-v1/src/main/java/com/geekq/miaosha/dao/GoodsDao.java,com.geekq.miaosha.dao.GoodsDao,interface,6,7,1,6,3,1,0,0,3,0,0,0,3,0,3,0,0,0,3,0,0,0,0,0,0,0,0,0,0,0,0,5,0,0,0,0,0,4,0,0,0,0,0,0,0,0,24,1,0
Project/miaosha/miaosha-v1/src/main/java/com/geekq/miaosha/exception/GlobleException.java,com.geekq.miaosha.exception.GlobleException,class,1,3,2,1,3,4,0,0,0,0,1,1,3,0,3,0,0,0,3,0,0,0,1,0,0,1,0,0,0,0,0,13,1,0,0,0,0,0,0,2,0,1,0,0,0,0,8,1,0
Project/miaosha/miaosha-admin/miaosha-admin-service/src/main/java/com/geekq/admin/mapper/OrdersMapper.java,com.geekq.admin.mapper.OrdersMapper,interface,3,4,1,3,11,1,0,0,55,0,0,0,11,0,0,0,0,11,11,0,0,0,0,0,0,0,0,0,0,0,0,13,0,0,0,0,0,4,0,0,0,0,0,0,0,0,15,1,0
Project/miaosha/miaosha-v2/miaosha-service/src/main/java/com/geekq/miaosha/service/MiaoShaMessageService.java,MiaoShaMessageService,class,1,2,1,1,0,1,0,0,0,0,-1,-1,0,0,0,0,0,0,0,0,0,0,0,0,0,0,0,0,0,0,0,2,0,0,0,0,0,0,0,0,0,0,0,0,0,0,4,1,0
Project/miaosha/miaosha-admin/miaosha-admin-service/src/main/java/com/geekq/admin/mapper/SystemDictionaryMapper.java,com.geekq.admin.mapper.SystemDictionaryMapper,interface,2,3,1,2,7,1,0,0,21,0,0,0,7,0,0,0,0,7,7,0,0,0,0,0,0,0,0,0,0,0,0,9,0,0,0,0,0,0,0,0,0,0,0,0,0,0,20,1,0
Project/miaosha/miaosha-v2/miaosha-service/src/main/java/com/geekq/miaosha/mapper/IpLogMapper.java,com.geekq.miaosha.mapper.IpLogMapper,interface,1,1,0,1,5,1,0,0,10,0,0,0,5,0,0,0,0,5,5,0,0,0,0,0,0,0,0,0,0,0,0,7,0,0,0,0,0,0,0,0,0,0,0,0,0,0,14,1,0
Project/miaosha/miaosha-admin/miaosha-admin-web/src/main/java/com/geekq/web/interceptor/LoginInterceptor.java,com.geekq.web.interceptor.LoginInterceptor,class,8,8,0,8,4,2,0,6,0,0,NaN,NaN,1,0,1,0,0,0,1,0,0,0,1,0,0,1,0,0,0,0,0,19,2,0,2,0,0,4,0,4,1,5,3,0,0,0,27,1,0
Project/miaosha/miaosha-v1/src/main/java/com/geekq/miaosha/controller/OrderController.java,com.geekq.miaosha.controller.OrderController,class,17,17,0,17,3,1,0,10,0,0.5,NaN,NaN,1,0,1,0,0,0,1,0,0,0,4,0,0,0,0,4,0,0,1,25,3,0,2,0,0,3,0,5,0,9,1,0,0,0,22,1,0
Project/miaosha/miaosha-v2/miaosha-common/src/main/java/com/geekq/miasha/entity/MiaoShaMessageInfo.java,com.geekq.miasha.entity.MiaoShaMessageInfo,class,4,4,0,4,0,1,0,0,0,NaN,-1,-1,0,0,0,0,0,0,0,0,0,0,12,0,0,12,0,0,0,0,0,14,0,0,0,0,0,0,0,0,0,12,0,0,0,0,25,1,0
Project/miaosha/miaosha-admin/miaosha-admin-api/src/main/java/com/geekq/admin/entity/Userinfo.java,com.geekq.admin.entity.Userinfo,class,7,12,5,7,30,2,0,9,33,0.93877554,0.31868133,0.31868133,14,5,14,0,0,0,14,0,0,0,14,1,0,14,0,0,1,0,8,113,17,5,0,0,2,12,18,31,4,30,3,0,0,0,63,1,0
Project/miaosha/miaosha-v2/miaosha-web/src/main/java/com/geekq/miaosha/controller/MiaoShaMessageController.java,MiaoShaMessageController,class,9,9,0,9,3,1,0,3,1,1,0,0,2,0,2,0,0,0,2,0,0,0,2,0,0,2,0,0,0,0,0,14,2,0,0,0,0,9,0,1,0,3,1,0,0,0,22,1,0
Project/miaosha/miaosha-v2/miaosha-web/src/main/java/com/geekq/miaosha/controller/MiaoshaController.java,MiaoshaController,class,26,27,1,26,21,1,0,32,0,0.7083333,0,0,6,0,6,0,0,0,6,0,0,0,8,1,0,2,0,6,0,0,0,126,19,1,6,3,0,20,7,20,2,26,1,0,0,0,69,1,2
Project/miaosha/miaosha-v2/miaosha-service/src/main/java/com/geekq/miaosha/redis/redismanager/RedisLua.java,RedisLua,class,7,8,1,7,8,1,0,9,4,0.5,0,0,4,4,4,0,0,0,4,0,0,0,1,1,0,1,0,0,0,0,0,81,2,0,0,4,0,26,0,30,2,25,1,0,0,0,31,1,2
Project/miaosha/miaosha-v2/miaosha-common/src/main/java/com/geekq/miasha/vo/OrderDetailVo.java,com.geekq.miasha.vo.OrderDetailVo,class,6,6,0,6,4,1,0,0,2,0.5,0.33333334,0.33333334,4,0,4,0,0,0,4,0,0,0,2,0,0,2,0,0,0,0,0,16,2,0,0,0,0,0,0,2,0,2,0,0,0,0,9,1,0
Project/miaosha/miaosha-v1/src/main/java/com/geekq/miaosha/service/OrderService.java,com.geekq.miaosha.service.OrderService,class,10,15,5,10,5,1,0,26,0,0.375,0.6666667,1,4,0,4,0,0,0,4,0,0,0,2,0,0,1,0,1,0,0,4,37,3,1,0,0,0,5,4,4,3,6,1,0,0,0,26,1,0
Project/miaosha/miaosha-v2/miaosha-web/src/main/java/com/geekq/miaosha/controller/OrderController.java,OrderController,class,13,13,0,13,3,1,0,10,0,0.5,NaN,NaN,1,0,1,0,0,0,1,0,0,0,4,0,0,0,0,4,0,0,0,25,3,0,2,0,0,3,0,5,0,9,1,0,0,0,22,1,0
Project/miaosha/miaosha-admin/miaosha-admin-web/src/main/java/com/geekq/web/controller/PayController.java,com.geekq.web.controller.PayController,class,5,5,0,5,1,1,0,0,0,1,NaN,NaN,1,0,1,0,0,0,1,0,0,0,1,0,0,1,0,0,0,0,0,6,1,0,0,0,0,2,0,0,0,1,0,0,0,0,6,1,0
Project/miaosha/miaosha-admin/miaosha-admin-api/src/main/java/com/geekq/admin/pojo/OrdersExample.java,com.geekq.admin.pojo.OrdersExample,class,3,5,2,3,12,2,0,4,13,0.6363637,0.38181818,0.8181818,11,0,10,0,1,0,11,0,0,0,3,0,0,0,3,0,0,0,0,320,6,0,1,0,0,0,1,8,0,6,1,0,3,0,21,1,0
Project/miaosha/miaosha-order/miaosha-order-api/src/main/java/com/geekq/api/entity/Goods.java,com.geekq.api.entity.Goods,class,4,4,0,4,0,1,0,0,0,NaN,-1,-1,0,0,0,0,0,0,0,0,0,0,7,0,0,7,0,0,0,0,0,9,0,0,0,0,0,0,0,0,0,7,0,0,0,0,12,1,0
Project/miaosha/miaosha-v2/miaosha-service/src/main/java/com/geekq/miaosha/redis/MiaoshaKey.java,MiaoshaKey,class,2,3,1,2,1,1,0,0,0,1,-1,-1,1,0,0,1,0,0,0,0,0,0,4,4,4,0,0,0,0,0,0,9,0,0,0,0,0,4,4,4,0,4,0,0,0,0,13,1,0
Project/miaosha/miaosha-v2/miaosha-web/src/main/java/com/geekq/miaosha/interceptor/AccessKey.java,com.geekq.miaosha.interceptor.AccessKey,class,2,4,2,2,2,2,0,0,1,0,NaN,NaN,2,1,1,1,0,0,1,0,0,0,0,0,0,0,0,0,0,0,0,8,1,0,0,0,0,1,0,0,0,0,0,0,0,0,9,1,0
Project/miaosha/miaosha-v2/miaosha-common/src/main/java/com/geekq/miasha/entity/MiaoshaGoods.java,com.geekq.miasha.entity.MiaoshaGoods,class,5,6,1,5,0,1,0,0,0,NaN,-1,-1,0,0,0,0,0,0,0,0,0,0,5,0,0,5,0,0,0,0,0,7,0,0,0,0,0,1,0,0,0,5,0,0,0,0,12,1,0
Project/miaosha/miaosha-v1/src/main/java/com/geekq/miaosha/service/rpchander/RpcCompensateService.java,com.geekq.miaosha.service.rpchander.RpcCompensateService,class,3,3,0,3,1,1,0,2,0,0,NaN,NaN,1,0,1,0,0,0,1,0,0,0,0,0,0,0,0,0,0,0,2,7,1,0,0,0,0,0,2,2,0,2,0,0,0,0,7,1,0
Project/miaosha/miaosha-v1/src/main/java/com/geekq/miaosha/service/rpchander/RpcHandler.java,com.geekq.miaosha.service.rpchander.RpcHandler,interface,0,0,0,0,2,1,0,0,1,1,0,0,2,0,0,0,0,2,2,0,0,0,1,0,0,0,0,1,0,0,0,5,0,0,0,0,0,0,1,1,0,1,0,0,0,0,14,1,0
Project/miaosha/miaosha-admin/miaosha-admin-api/src/main/java/com/geekq/admin/service/IUserService.java,com.geekq.admin.service.IUserService,interface,1,3,2,1,4,1,0,0,6,0,0,0,4,0,0,0,0,4,4,0,0,0,0,0,0,0,0,0,0,0,0,6,0,0,0,0,0,0,0,0,0,0,0,0,0,0,15,1,0
Project/miaosha/miaosha-admin/miaosha-admin-common/src/main/java/com/geekq/common/enums/ResultStatus.java,com.geekq.common.enums.ResultStatus,enum,1,4,3,1,9,1,0,3,18,0.61111116,0.0952381,0.0952381,9,0,7,2,0,0,7,0,0,0,2,0,0,2,0,0,0,0,1,36,5,0,0,0,0,31,31,5,0,2,0,0,0,0,41,1,0
Project/miaosha/miaosha-v1/src/main/java/com/geekq/miaosha/exception/GlobleExceptionHandler.java,com.geekq.miaosha.exception.GlobleExceptionHandler,class,10,11,1,10,3,1,0,9,0,0,NaN,NaN,1,0,1,0,0,0,1,0,0,0,1,1,0,1,0,0,0,0,4,21,3,0,0,0,0,0,1,6,0,6,1,0,0,0,29,1,1
Project/miaosha/miaosha-v1/src/main/java/com/geekq/miaosha/service/rpchander/vo/PlanStep.java,com.geekq.miaosha.service.rpchander.vo.PlanStep,class,0,1,1,0,23,1,0,1,170,0.9,0.05263158,0.05263158,20,0,20,0,0,0,20,0,0,0,10,0,0,10,0,0,0,0,0,72,10,0,3,0,0,0,0,10,0,10,0,0,0,0,30,1,0
Project/miaosha/miaosha-v1/src/main/java/com/geekq/miaosha/domain/MiaoshaOrder.java,com.geekq.miaosha.domain.MiaoshaOrder,class,4,9,5,4,0,1,0,0,0,NaN,-1,-1,0,0,0,0,0,0,0,0,0,0,4,0,0,4,0,0,0,0,0,6,0,0,0,0,0,0,0,0,0,4,0,0,0,0,8,1,0
Project/miaosha/miaosha-v1/src/main/java/com/geekq/miaosha/common/SnowflakeIdWorker.java,com.geekq.miaosha.common.SnowflakeIdWorker,class,1,3,2,1,13,1,0,5,2,0.77142864,0.4,0.6,5,1,3,0,2,0,5,0,0,1,14,0,0,14,0,0,10,0,4,57,4,1,2,0,8,3,19,22,11,17,2,0,0,0,47,1,0
Project/miaosha/miaosha-v2/miaosha-common/src/main/java/com/geekq/miasha/entity/MiaoshaUser.java,com.geekq.miasha.entity.MiaoshaUser,class,5,9,4,5,1,1,0,0,0,0,NaN,NaN,1,0,1,0,0,0,1,0,0,0,8,0,0,8,0,0,0,0,0,13,1,0,0,0,0,10,0,0,2,8,0,0,0,0,17,1,0
Project/miaosha/miaosha-v1/src/main/java/com/geekq/miaosha/dao/MiaoShaUserDao.java,com.geekq.miaosha.dao.MiaoShaUserDao,interface,7,8,1,7,4,1,0,0,6,0,0,0,4,0,4,0,0,0,4,0,0,0,0,0,0,0,0,0,0,0,0,6,0,0,0,0,0,8,0,0,0,0,0,0,0,0,33,1,0
Project/miaosha/miaosha-admin/miaosha-admin-common/src/main/java/com/geekq/common/utils/resultbean/ResultJSON.java,com.geekq.common.utils.resultbean.ResultJSON,class,2,3,1,2,3,1,0,0,1,0.5,0.33333334,0.33333334,3,0,3,0,0,0,3,0,0,0,2,0,0,2,0,0,0,0,0,16,0,0,0,0,0,0,0,4,0,2,0,0,0,0,9,1,0
Project/miaosha/miaosha-order/miaosha-order-provider/src/test/java/com/geekq/provider/DubboProviderApplicationTests.java,com.geekq.provider.DubboProviderApplicationTests,class,4,4,0,4,1,1,0,0,0,0,NaN,NaN,1,0,1,0,0,0,1,0,0,0,0,0,0,0,0,0,0,0,0,4,0,0,0,0,0,0,0,0,0,0,0,0,0,0,6,1,0
Project/miaosha/miaosha-v2/miaosha-web/src/main/java/com/geekq/miaosha/interceptor/GlobalExceptionHandler.java,com.geekq.miaosha.interceptor.GlobalExceptionHandler,class,9,10,1,9,3,1,0,9,0,0,NaN,NaN,1,0,1,0,0,0,1,0,0,0,1,1,1,0,0,0,0,0,4,21,3,0,0,0,0,0,1,6,0,6,1,0,0,0,26,1,1
Project/miaosha/miaosha-v1/src/main/java/com/geekq/miaosha/service/rpchander/enums/PlanStepStatus.java,com.geekq.miaosha.service.rpchander.enums.PlanStepStatus,enum,0,0,0,0,0,1,0,0,0,0,-1,-1,0,0,0,0,0,0,0,0,0,0,0,0,0,0,0,0,0,0,0,1,0,0,0,0,0,0,0,0,0,0,0,0,0,0,14,1,0
Project/miaosha/miaosha-order/miaosha-order-api/src/main/java/com/geekq/api/service/GoodsService.java,com.geekq.api.service.GoodsService,interface,2,8,6,2,3,1,0,0,3,0,0,0,3,0,3,0,0,0,3,0,0,0,0,0,0,0,0,0,0,0,0,5,0,0,0,0,0,0,0,0,0,0,0,0,0,0,11,1,0
Project/miaosha/miaosha-v2/miaosha-service/src/main/java/com/geekq/miaosha/redis/GoodsKey.java,GoodsKey,class,2,3,1,2,1,1,0,0,0,1,-1,-1,1,0,0,1,0,0,0,0,0,0,3,3,3,0,0,0,0,0,0,8,0,0,0,0,0,3,3,3,0,3,0,0,0,0,10,1,0
Project/miaosha/miaosha-admin/miaosha-admin-common/src/main/java/com/geekq/common/utils/JsonUtils.java,com.geekq.common.utils.JsonUtils,class,3,3,0,3,6,1,0,6,0,0,1,1,3,3,3,0,0,0,3,0,0,0,1,1,0,1,0,0,1,0,0,34,6,0,0,3,0,0,0,5,0,5,1,0,0,0,30,1,0
Project/miaosha/miaosha-admin/miaosha-admin-service/src/main/java/com/geekq/admin/mapper/UserinfoMapper.java,com.geekq.admin.mapper.UserinfoMapper,interface,2,4,2,2,5,1,0,0,10,0,0,0,5,0,0,0,0,5,5,0,0,0,0,0,0,0,0,0,0,0,0,7,0,0,0,0,0,5,0,0,0,0,0,0,0,0,14,1,0
Project/miaosha/miaosha-v1/src/main/java/com/geekq/miaosha/controller/MiaoshaController.java,com.geekq.miaosha.controller.MiaoshaController,class,26,27,1,26,19,1,0,32,0,0.7083333,0.73333335,1,6,0,6,0,0,0,6,0,0,0,8,1,0,2,0,6,0,0,9,115,17,1,6,2,0,20,7,20,2,26,1,0,0,0,64,1,2
Project/miaosha/miaosha-order/miaosha-order-api/src/main/java/com/geekq/api/entity/GoodsVoOrder.java,com.geekq.api.entity.GoodsVoOrder,class,5,11,6,5,0,1,0,0,0,NaN,-1,-1,0,0,0,0,0,0,0,0,0,0,11,0,0,11,0,0,0,0,0,13,0,0,0,0,0,1,0,0,0,11,0,0,0,0,21,1,0
Project/miaosha/miaosha-v2/miaosha-service/src/main/java/com/geekq/miaosha/redis/RedissLockUtil.java,RedissLockUtil,class,1,1,0,1,5,1,0,2,0,0,0,0,5,5,5,0,0,0,5,0,0,0,1,1,0,1,0,0,0,0,0,18,0,0,0,0,0,0,0,1,0,1,0,0,0,0,15,1,0
Project/miaosha/miaosha-v2/miaosha-service/src/main/java/com/geekq/miaosha/service/GoodsService.java,GoodsService,class,6,11,5,6,4,1,0,5,0,0,0,0,3,0,3,0,0,0,3,0,0,0,1,0,0,0,0,1,0,0,0,15,3,0,0,0,0,0,1,2,0,3,0,0,0,0,14,1,0
Project/miaosha/miaosha-rpc/src/main/java/com/mooc/jiangzh/dubbo/springboot/springbootdubbo/SpringbootDubboApplication.java,com.mooc.jiangzh.dubbo.springboot.springbootdubbo.SpringbootDubboApplication,class,2,3,1,2,1,1,0,1,0,0,NaN,NaN,1,1,1,0,0,0,1,0,0,0,0,0,0,0,0,0,0,0,0,5,0,0,0,0,0,0,0,0,0,0,0,0,0,0,5,1,0
Project/miaosha/miaosha-v2/miaosha-common/src/main/java/com/geekq/miasha/entity/IpLog.java,com.geekq.miasha.entity.IpLog,class,4,5,1,4,4,2,0,0,1,0.625,0.33333334,0.33333334,3,0,3,0,0,0,3,0,0,0,8,2,2,6,0,0,0,0,0,25,1,0,1,0,0,3,2,8,0,8,0,0,0,0,31,1,0
Project/miaosha/miaosha-v2/miaosha-common/src/main/java/com/geekq/miasha/enums/enums/MessageStatus.java,com.geekq.miasha.enums.enums.MessageStatus$ContentEnum,enum,0,0,0,0,3,1,0,0,0,0.33333334,0,0,3,0,2,1,0,0,2,0,0,0,2,0,0,2,0,0,0,0,0,13,2,0,0,0,0,2,2,2,0,2,0,0,0,0,11,1,0
Project/miaosha/miaosha-admin/miaosha-admin-web/src/main/java/com/geekq/web/controller/BaseController.java,com.geekq.web.controller.BaseController,class,0,3,3,0,0,1,3,0,0,0,-1,-1,0,0,0,0,0,0,0,0,0,0,0,0,0,0,0,0,0,0,0,2,0,0,0,0,0,0,0,0,0,0,0,0,0,0,2,1025,0
Project/miaosha/miaosha-v2/miaosha-service/src/main/java/com/geekq/miaosha/redis/OrderKey.java,OrderKey,class,2,3,1,2,1,1,0,0,0,1,NaN,NaN,1,0,1,0,0,0,1,0,0,0,1,1,1,0,0,0,0,0,0,6,0,0,0,0,0,1,0,1,0,1,0,0,0,0,10,1,0
Project/miaosha/miaosha-v2/miaosha-common/src/main/java/com/geekq/miasha/vo/LoginVo.java,com.geekq.miasha.vo.LoginVo,class,3,3,0,3,5,1,0,0,0,0.4,0.6,1,5,0,5,0,0,0,5,0,0,0,2,0,0,2,0,0,0,0,0,19,3,0,0,0,0,3,0,2,2,2,0,0,0,0,10,1,0
Project/miaosha/miaosha-v2/miaosha-service/src/main/java/com/geekq/miaosha/service/LoginInfoService.java,com.geekq.miaosha.service.LoginInfoService,interface,0,1,1,0,1,1,0,0,0,0,NaN,NaN,1,0,1,0,0,0,1,0,0,0,0,0,0,0,0,0,0,0,0,3,0,0,0,0,0,0,0,0,0,0,0,0,0,0,5,1,0
Project/miaosha/miaosha-admin/miaosha-admin-api/src/main/java/com/geekq/admin/service/ISystemDictionaryService.java,com.geekq.admin.service.ISystemDictionaryService,interface,4,6,2,4,6,1,0,0,15,0,0,0,6,0,0,0,0,6,6,0,0,0,0,0,0,0,0,0,0,0,0,8,0,0,0,0,0,0,0,0,0,0,0,0,0,0,22,1,0
Project/miaosha/miaosha-admin/miaosha-admin-api/src/main/java/com/geekq/admin/service/IIpLogService.java,com.geekq.admin.service.IIpLogService,interface,3,4,1,3,2,1,0,0,1,0,0,0,2,0,0,0,0,2,2,0,0,0,0,0,0,0,0,0,0,0,0,4,0,0,0,0,0,0,0,0,0,0,0,0,0,0,12,1,0
Project/miaosha/miaosha-v1/src/main/java/com/geekq/miaosha/common/resultbean/ResultGeekQ.java,com.geekq.miaosha.common.resultbean.ResultGeekQ,class,4,14,10,4,10,2,0,1,33,0.8,0.13333334,0.22222222,10,3,8,0,2,0,10,0,0,0,3,1,0,3,0,0,1,0,0,37,5,0,0,0,0,0,2,5,0,3,0,0,0,0,28,1,0
Project/miaosha/miaosha-admin/miaosha-admin-service/src/main/java/com/geekq/admin/utils/UserContext.java,com.geekq.admin.utils.UserContext,class,8,9,1,8,5,1,0,7,8,0.88,0.16666667,0.16666667,5,4,4,1,0,0,4,0,0,0,5,3,2,3,0,0,2,0,1,24,3,0,0,0,2,2,0,5,0,7,0,0,0,0,34,1,0
Project/miaosha/miaosha-v2/miaosha-common/src/main/java/com/geekq/miasha/enums/enums/MessageStatus.java,com.geekq.miasha.enums.enums.MessageStatus,class,0,0,0,0,0,1,0,0,0,NaN,-1,-1,0,0,0,0,0,0,0,0,0,0,1,1,1,0,0,0,1,0,0,25,0,0,0,0,0,0,1,1,0,1,0,0,3,0,20,1,0
Project/miaosha/miaosha-v2/miaosha-common/src/main/java/com/geekq/miasha/enums/YesOrNo.java,com.geekq.miasha.enums.YesOrNo,enum,0,0,0,0,2,1,0,0,0,0,1,1,2,0,1,0,0,1,2,0,0,0,1,0,1,0,0,0,1,0,0,8,1,0,0,0,0,0,2,1,0,1,0,0,0,0,12,1,0
Project/miaosha/miaosha-admin/miaosha-admin-common/src/main/java/com/geekq/common/vo/LoginVo.java,com.geekq.common.vo.LoginVo,class,6,6,0,6,1,1,0,0,0,0,NaN,NaN,1,0,1,0,0,0,1,0,0,0,2,0,0,2,0,0,0,0,0,7,1,0,0,0,0,3,0,0,2,2,0,0,0,0,6,1,0
Project/miaosha/miaosha-rpc/dubbo-provider/src/main/java/com/geekq/dubbo/springboot/privoder/config/TCCConfig.java,com.geekq.dubbo.springboot.privoder.config.TCCConfig,class,1,1,0,1,0,1,0,0,0,0,-1,-1,0,0,0,0,0,0,0,0,0,0,0,0,0,0,0,0,0,0,0,2,0,0,0,0,0,0,0,0,0,0,0,0,0,0,3,1,0
Project/miaosha/miaosha-v1/src/main/java/com/geekq/miaosha/controller/GoodsController.java,com.geekq.miaosha.controller.GoodsController,class,20,21,1,20,8,2,0,17,0,0.77777785,1,1,3,0,3,0,0,0,3,0,0,0,6,1,0,4,0,2,0,0,3,67,4,0,0,0,4,18,12,25,5,22,1,0,0,0,49,1,0
Project/miaosha/miaosha-order/miaosha-order-api/src/main/java/com/geekq/api/utils/ResultGeekQOrder.java,com.geekq.api.utils.ResultGeekQOrder,class,4,9,5,4,11,2,0,1,43,0.8181818,0.10909091,0.18181819,11,3,8,0,3,0,11,0,0,0,3,1,0,3,0,0,1,0,0,39,5,0,0,0,0,0,2,5,0,3,0,0,0,0,29,1,0
Project/miaosha/miaosha-v2/miaosha-service/src/main/java/com/geekq/miaosha/service/MiaoshaService.java,MiaoshaService,class,18,21,3,18,30,1,0,30,8,0.8,0,0,12,1,8,4,0,0,8,0,0,0,5,1,0,2,0,3,0,0,0,144,21,2,10,1,0,18,53,37,15,41,2,0,0,0,73,1,0
Project/miaosha/miaosha-admin/miaosha-admin-api/src/main/java/com/geekq/admin/service/ILogininfoService.java,com.geekq.admin.service.ILogininfoService,interface,2,5,3,2,6,1,0,0,15,0,0,0,6,0,0,0,0,6,6,0,0,0,0,0,0,0,0,0,0,0,0,8,0,0,0,0,0,0,0,0,0,0,0,0,0,0,20,1,0
Project/miaosha/miaosha-admin/miaosha-admin-service/src/main/java/com/geekq/admin/mapper/SystemDictionaryItemMapper.java,com.geekq.admin.mapper.SystemDictionaryItemMapper,interface,3,4,1,3,8,1,0,0,28,0,0,0,8,0,0,0,0,8,8,0,0,0,0,0,0,0,0,0,0,0,0,10,0,0,0,0,0,1,0,0,0,0,0,0,0,0,23,1,0
Project/miaosha/miaosha-v2/miaosha-common/src/main/java/com/geekq/miasha/validator/MobileValidator.java,com.geekq.miasha.validator.MobileValidator,class,4,4,0,4,4,1,0,3,0,0,1,1,2,0,2,0,0,0,2,0,0,0,1,0,0,1,0,0,0,0,2,19,3,0,0,0,0,0,0,2,0,1,2,0,0,0,13,1,0
Project/miaosha/miaosha-v1/src/main/java/com/geekq/miaosha/mybatis/entity/User.java,com.geekq.miaosha.mybatis.entity.User,class,2,5,3,2,1,1,0,0,0,0.25,NaN,NaN,1,0,1,0,0,0,1,0,0,0,4,0,0,4,0,0,0,0,0,9,1,0,0,0,0,4,0,0,1,4,0,0,0,0,7,1,0
Project/miaosha/miaosha-v2/miaosha-service/src/main/java/com/geekq/miaosha/redis/RedisService.java,RedisService,class,15,23,8,15,49,1,0,37,0,0.1875,0,0,16,2,15,1,0,0,15,0,0,0,1,0,0,0,0,1,0,0,0,248,32,1,20,13,0,12,8,55,9,37,3,0,0,0,49,1,5
Project/miaosha/miaosha-admin/miaosha-admin-service/src/main/java/com/geekq/admin/service/impl/SystemDictionaryServiceImpl.java,com.geekq.admin.service.impl.SystemDictionaryServiceImpl,class,9,9,0,9,10,1,0,14,3,0.5,0.4,0.4,6,0,6,0,0,0,6,0,0,0,2,0,0,2,0,0,0,0,2,42,6,0,2,0,0,1,2,4,0,6,1,0,0,0,27,1,0
Project/miaosha/miaosha-admin/miaosha-admin-common/src/main/java/com/geekq/common/validator/MobileValidator.java,com.geekq.common.validator.MobileValidator,class,4,4,0,4,4,1,0,3,0,0,1,1,2,0,2,0,0,0,2,0,0,0,1,0,0,1,0,0,0,0,2,19,3,0,0,0,0,0,0,2,0,1,2,0,0,0,13,1,0
Project/miaosha/miaosha-admin/miaosha-admin-common/src/main/java/com/geekq/common/utils/ValidatorUtil.java,com.geekq.common.utils.ValidatorUtil,class,0,1,1,0,2,1,0,4,0,0,NaN,NaN,1,1,1,0,0,0,1,0,0,0,1,1,0,1,0,0,1,0,1,10,2,0,0,0,0,1,0,2,0,2,1,0,0,0,11,1,0
Project/miaosha/miaosha-v2/miaosha-service/src/main/java/com/geekq/miaosha/redis/DistributedLocker.java,DistributedLocker,interface,0,1,1,0,4,1,0,0,6,0,0,0,4,0,0,0,0,4,4,0,0,0,0,0,0,0,0,0,0,0,0,6,0,0,0,0,0,0,0,0,0,0,0,0,0,0,8,1,0
Project/miaosha/miaosha-admin/miaosha-admin-common/src/main/java/com/geekq/common/enums/MessageStatus.java,com.geekq.common.enums.MessageStatus$sendType,enum,0,0,0,0,0,1,0,0,0,0,-1,-1,0,0,0,0,0,0,0,0,0,0,0,0,0,0,0,0,0,0,0,1,0,0,0,0,0,0,0,0,0,0,0,0,0,0,3,1,0
Project/miaosha/miaosha-rpc/dubbo-api/src/main/java/com/geekq/dubbo/springboot/ServiceAPI.java,com.geekq.dubbo.springboot.ServiceAPI,interface,0,4,4,0,4,1,0,0,6,0,0,0,4,0,0,0,0,4,4,0,0,0,0,0,0,0,0,0,0,0,0,6,0,0,0,0,0,0,0,0,0,0,0,0,0,0,16,1,0
Project/miaosha/miaosha-v1/src/main/java/com/geekq/miaosha/redis/RedisPoolFactory.java,com.geekq.miaosha.redis.RedisPoolFactory,class,6,6,0,6,1,1,0,10,0,0,NaN,NaN,1,0,1,0,0,0,1,0,0,0,1,0,0,0,0,1,0,0,0,11,1,0,0,0,0,0,3,2,2,3,0,0,0,0,8,1,0
Project/miaosha/miaosha-v2/miaosha-service/src/main/java/com/geekq/miaosha/redis/RedisPoolFactory.java,RedisPoolFactory,class,6,6,0,6,1,1,0,10,0,0,NaN,NaN,1,0,1,0,0,0,1,0,0,0,1,0,0,0,0,1,0,0,0,11,1,0,0,0,0,0,3,2,2,3,0,0,0,0,8,1,0
Project/miaosha/miaosha-admin/miaosha-admin-common/src/main/java/com/geekq/common/enums/SexEnum.java,com.geekq.common.enums.SexEnum,enum,0,0,0,0,2,1,0,0,0,0,1,1,2,0,1,0,0,1,2,0,0,0,1,0,1,0,0,0,1,0,0,8,1,0,0,0,0,0,3,1,0,1,0,0,0,0,17,1,0
Project/miaosha/miaosha-admin/miaosha-admin-service/src/main/java/com/geekq/admin/service/impl/LogininfoServiceImpl.java,com.geekq.admin.service.impl.LogininfoServiceImpl,class,17,18,1,17,10,1,0,29,9,0.77777773,0.2,0.2,6,0,6,0,0,0,6,0,0,0,6,1,0,6,0,0,1,0,6,62,4,0,1,1,0,4,2,12,1,17,2,0,0,0,47,1,1
Project/miaosha/miaosha-v1/src/main/java/com/geekq/miaosha/domain/MiaoshaGoods.java,com.geekq.miaosha.domain.MiaoshaGoods,class,4,6,2,4,0,1,0,0,0,NaN,-1,-1,0,0,0,0,0,0,0,0,0,0,5,0,0,5,0,0,0,0,0,7,0,0,0,0,0,0,0,0,0,5,0,0,0,0,12,1,0
Project/miaosha/miaosha-v1/src/main/java/com/geekq/miaosha/utils/MD5Utils.java,com.geekq.miaosha.utils.MD5Utils,class,1,4,3,1,4,1,0,5,4,0.5,0.16666667,0.16666667,4,4,4,0,0,0,4,0,0,0,1,1,1,0,0,0,1,0,4,19,4,0,0,0,0,3,8,5,2,5,0,0,0,0,15,1,0
Project/miaosha/miaosha-v2/miaosha-common/src/main/java/com/geekq/miasha/enums/Constanst.java,com.geekq.miasha.enums.Constanst,class,0,0,0,0,0,1,0,0,0,NaN,-1,-1,0,0,0,0,0,0,0,0,0,0,2,2,2,0,0,0,0,0,0,15,0,0,0,0,0,2,0,2,0,2,0,0,1,0,26,1,0
Project/miaosha/miaosha-order/miaosha-order-api/src/main/java/com/geekq/api/utils/ResultStatusOrder.java,com.geekq.api.utils.ResultStatusOrder,enum,1,4,3,1,9,1,0,3,18,0.61111116,0.0952381,0.0952381,9,0,7,2,0,0,7,0,0,0,2,0,0,2,0,0,0,0,1,36,5,0,0,0,0,30,30,5,0,2,0,0,0,0,41,1,0
Project/miaosha/miaosha-rpc/dubbo-consumer/src/main/java/com/geekq/dubbo/springboot/consumer/ConsumerApplication.java,com.geekq.dubbo.springboot.consumer.ConsumerApplication,class,5,6,1,5,1,1,0,3,0,0,NaN,NaN,1,1,1,0,0,0,1,0,0,0,0,0,0,0,0,0,0,0,0,7,0,0,0,0,0,2,0,2,0,2,0,0,0,0,9,1,0
Project/miaosha/miaosha-admin/miaosha-admin-service/src/main/java/com/geekq/admin/service/impl/SystemDictionaryUtil.java,com.geekq.admin.service.impl.SystemDictionaryUtil,class,4,5,1,4,1,1,0,1,0,0,NaN,NaN,1,0,1,0,0,0,1,0,0,0,1,0,0,1,0,0,0,0,0,6,1,0,0,0,0,0,0,0,0,1,0,0,0,0,9,1,0
Project/miaosha/miaosha-v1/src/main/java/com/geekq/miaosha/config/WebConfig.java,com.geekq.miaosha.config.WebConfig,class,7,7,0,7,2,2,0,3,1,0.5,0,0,2,0,2,0,0,0,2,0,0,0,2,0,0,1,0,1,0,0,0,11,0,0,0,0,0,0,0,0,0,2,0,0,0,0,18,1,0
Project/miaosha/miaosha-v1/src/main/java/com/geekq/miaosha/common/Constanst.java,com.geekq.miaosha.common.Constanst$orderStaus,enum,0,0,0,0,3,1,0,0,0,0,1,1,3,0,2,0,0,1,3,0,0,0,1,0,0,1,0,0,0,0,0,11,1,0,0,0,0,1,0,2,0,1,0,0,0,0,17,1,0
Project/miaosha/miaosha-v1/src/main/java/com/geekq/miaosha/redis/MiaoShaUserKey.java,com.geekq.miaosha.redis.MiaoShaUserKey,class,2,3,1,2,1,2,0,0,0,1,NaN,NaN,1,0,1,0,0,0,1,0,0,0,3,3,3,0,0,0,1,0,0,8,0,0,0,0,0,2,4,3,1,3,0,0,0,0,22,1,0
Project/miaosha/miaosha-admin/miaosha-admin-common/src/main/java/com/geekq/common/utils/SnowflakeIdWorker.java,com.geekq.common.utils.SnowflakeIdWorker,class,1,2,1,1,13,1,0,5,2,0.77142864,0.4,0.6,5,1,3,0,2,0,5,0,0,1,14,0,0,14,0,0,10,0,4,57,4,1,2,0,8,3,19,22,11,17,2,0,0,0,47,1,0
Project/miaosha/miaosha-admin/miaosha-admin-common/src/main/java/com/geekq/common/utils/DateUtil.java,com.geekq.common.utils.DateUtil,class,0,1,1,0,2,1,0,5,1,0,0,0,2,2,2,0,0,0,2,0,0,0,0,0,0,0,0,0,0,0,1,8,2,0,0,0,1,0,3,0,2,0,0,0,0,0,11,1,0
Project/miaosha/miaosha-v1/src/main/java/com/geekq/miaosha/service/rpchander/vo/HandlerParam.java,com.geekq.miaosha.service.rpchander.vo.HandlerParam,class,2,2,0,2,0,1,0,0,0,NaN,-1,-1,0,0,0,0,0,0,0,0,0,0,3,0,0,3,0,0,0,0,0,5,0,0,0,0,0,0,0,0,0,3,0,0,0,0,8,1,0
Project/miaosha/miaosha-v1/src/main/java/com/geekq/miaosha/redis/DistributedLocker.java,com.geekq.miaosha.redis.DistributedLocker,interface,0,1,1,0,4,1,0,0,6,0,0,0,4,0,0,0,0,4,4,0,0,0,0,0,0,0,0,0,0,0,0,6,0,0,0,0,0,0,0,0,0,0,0,0,0,0,8,1,0
Project/miaosha/miaosha-v1/src/main/java/com/geekq/miaosha/mybatis/controller/UbatisController.java,com.geekq.miaosha.mybatis.controller.UbatisController,class,8,8,0,8,8,1,0,20,0,0,1,1,8,0,8,0,0,0,8,0,0,0,1,0,0,1,0,0,0,0,0,46,0,0,0,0,0,21,9,11,0,12,0,0,0,0,21,1,0
Project/miaosha/miaosha-v1/src/main/java/com/geekq/miaosha/service/GoodsService.java,com.geekq.miaosha.service.GoodsService,class,5,10,5,5,4,1,0,5,0,0,1,1,3,0,3,0,0,0,3,0,0,0,1,0,0,0,0,1,0,0,0,15,3,0,0,0,0,0,1,2,0,3,0,0,0,0,14,1,0
Project/miaosha/miaosha-order/miaosha-order-provider/src/main/java/com/geekq/provider/DubboProviderApplication.java,com.geekq.provider.DubboProviderApplication,class,4,5,1,4,1,1,0,1,0,0,NaN,NaN,1,1,1,0,0,0,1,0,0,0,0,0,0,0,0,0,0,0,0,5,0,0,0,0,0,2,0,0,0,0,0,0,0,0,7,1,0
Project/miaosha/miaosha-rpc/dubbo-api/src/test/java/com/geekq/dubbo/springboot/AppTest.java,com.geekq.dubbo.springboot.AppTest,class,1,1,0,1,1,1,0,1,0,0,NaN,NaN,1,0,1,0,0,0,1,0,0,0,0,0,0,0,0,0,0,0,0,5,0,0,0,0,0,0,0,0,0,0,0,0,0,0,12,1,0
Project/miaosha/miaosha-v1/src/main/java/com/geekq/miaosha/domain/MiaoShaMessageInfo.java,com.geekq.miaosha.domain.MiaoShaMessageInfo,class,4,7,3,4,0,1,0,0,0,NaN,-1,-1,0,0,0,0,0,0,0,0,0,0,12,0,0,12,0,0,0,0,0,14,0,0,0,0,0,0,0,0,0,12,0,0,0,0,25,1,0
Project/miaosha/miaosha-v1/src/main/java/com/geekq/miaosha/redis/MiaoshaKey.java,com.geekq.miaosha.redis.MiaoshaKey,class,2,3,1,2,1,2,0,0,0,1,-1,-1,1,0,0,1,0,0,0,0,0,0,4,4,4,0,0,0,0,0,0,9,0,0,0,0,0,4,4,4,0,4,0,0,0,0,13,1,0
Project/miaosha/miaosha-v1/src/main/java/com/geekq/miaosha/access/UserContext.java,com.geekq.miaosha.access.UserContext,class,1,3,2,1,3,1,0,3,0,0,1,1,3,3,3,0,0,0,3,0,0,0,1,1,0,1,0,0,0,0,0,12,1,0,0,0,0,0,0,1,0,1,0,0,0,0,8,1,0
Project/miaosha/miaosha-v2/miaosha-common/src/main/java/com/geekq/miasha/enums/Constants.java,com.geekq.miasha.enums.Constants,class,0,0,0,0,0,1,0,0,0,NaN,-1,-1,0,0,0,0,0,0,0,0,0,0,5,5,5,0,0,0,5,0,0,7,0,0,0,0,0,0,5,5,0,5,0,0,0,0,17,1,0
Project/miaosha/miaosha-order/miaosha-order-api/src/main/java/com/geekq/api/service/GoodsServiceMock.java,com.geekq.api.service.GoodsServiceMock,class,4,4,0,4,3,1,0,2,3,0,0,0,3,0,3,0,0,0,3,0,0,0,0,0,0,0,0,0,0,0,1,14,3,0,0,0,0,0,0,2,0,2,0,0,0,0,15,1,0
Project/miaosha/miaosha-admin/miaosha-admin-api/src/main/java/com/geekq/admin/pojo/OrdersExample.java,com.geekq.admin.pojo.OrdersExample$Criterion,innerclass,0,0,0,0,14,1,0,0,22,0.75,0.35897437,1,13,0,8,0,5,0,13,0,0,0,8,0,0,8,0,0,0,0,0,66,8,0,0,0,0,0,0,13,0,8,1,0,0,0,23,9,0
Project/miaosha/miaosha-v1/src/main/java/com/geekq/miaosha/validator/MobileValidator.java,com.geekq.miaosha.validator.MobileValidator,class,4,4,0,4,4,1,0,3,0,0,1,1,2,0,2,0,0,0,2,0,0,0,1,0,0,1,0,0,0,0,2,19,3,0,0,0,0,0,0,2,0,1,2,0,0,0,13,1,0
Project/miaosha/miaosha-v1/src/main/java/com/geekq/miaosha/controller/BaseController.java,com.geekq.miaosha.controller.BaseController,class,11,13,2,11,6,1,1,17,1,0.5,0,0,2,1,2,0,0,0,2,0,0,0,3,0,0,1,0,2,0,0,2,35,3,0,0,1,0,4,0,4,0,6,1,0,0,0,33,1,0
Project/miaosha/miaosha-v2/miaosha-service/src/main/java/com/geekq/miaosha/redis/MiaoShaUserKey.java,MiaoShaUserKey,class,2,3,1,2,1,1,0,0,0,1,NaN,NaN,1,0,1,0,0,0,1,0,0,0,3,3,3,0,0,0,1,0,0,8,0,0,0,0,0,2,4,3,1,3,0,0,0,0,22,1,0
Project/miaosha/miaosha-v2/miaosha-common/src/main/java/com/geekq/miasha/utils/MD5Utils.java,com.geekq.miasha.utils.MD5Utils,class,2,3,1,2,6,1,0,6,13,0.6666667,0.06666667,0.06666667,6,6,6,0,0,0,6,0,1,0,1,1,0,1,0,0,0,0,4,28,6,0,0,0,0,3,13,7,3,7,0,0,0,0,23,1,0
Project/miaosha/miaosha-v2/miaosha-common/src/main/java/com/geekq/miasha/utils/UUIDUtil.java,com.geekq.miasha.utils.UUIDUtil,class,0,0,0,0,1,1,0,3,0,0,NaN,NaN,1,1,1,0,0,0,1,0,0,0,0,0,0,0,0,0,0,0,1,5,1,0,0,0,0,2,0,0,0,0,0,0,0,0,5,1,0
Project/miaosha/miaosha-admin/miaosha-admin-common/src/main/java/com/geekq/common/enums/Constants.java,com.geekq.common.enums.Constants,class,0,0,0,0,0,1,0,0,0,NaN,-1,-1,0,0,0,0,0,0,0,0,0,0,5,5,5,0,0,0,5,0,0,7,0,0,0,0,0,0,5,5,0,5,0,0,0,0,17,1,0
Project/miaosha/miaosha-v2/miaosha-common/src/main/java/com/geekq/miasha/enums/OrderStatusEnum.java,com.geekq.miasha.enums.OrderStatusEnum,enum,1,2,1,1,6,1,0,2,0,0.25,0.6666667,1,4,1,3,0,0,1,4,0,0,0,2,0,2,0,0,0,2,0,1,21,4,1,1,0,0,6,6,2,0,2,2,0,0,0,28,1,0
Project/miaosha/miaosha-v1/src/main/java/com/geekq/miaosha/redis/redismanager/RedisLua.java,com.geekq.miaosha.redis.redismanager.RedisLua,class,4,6,2,4,6,1,0,10,1,0.33333334,0.33333334,0.33333334,3,3,3,0,0,0,3,0,0,0,1,1,0,1,0,0,0,0,3,61,2,0,0,3,0,15,0,23,1,19,1,0,0,0,26,1,2
Project/miaosha/miaosha-v2/miaosha-web/src/main/java/com/geekq/miaosha/config/UserArgumentResolver.java,UserArgumentResolver,class,8,9,1,8,3,1,0,2,1,1,0,0,2,0,2,0,0,0,2,0,0,0,1,0,0,1,0,0,0,0,0,10,2,0,1,0,0,0,0,1,0,2,0,0,0,0,27,1,0
Project/miaosha/miaosha-v1/src/main/java/com/geekq/miaosha/common/enums/MessageStatus.java,com.geekq.miaosha.common.enums.MessageStatus$ContentEnum,enum,0,0,0,0,3,1,0,0,0,0.33333334,0,0,3,0,2,1,0,0,2,0,0,0,2,0,0,2,0,0,0,0,0,13,2,0,0,0,0,2,2,2,0,2,0,0,0,0,11,1,0
Project/miaosha/miaosha-admin/miaosha-admin-service/src/main/java/com/geekq/admin/mapper/AccountMapper.java,com.geekq.admin.mapper.AccountMapper,interface,1,3,2,1,5,1,0,0,10,0,0,0,5,0,0,0,0,5,5,0,0,0,0,0,0,0,0,0,0,0,0,7,0,0,0,0,0,0,0,0,0,0,0,0,0,0,13,1,0
Project/miaosha/miaosha-v2/miaosha-common/src/main/java/com/geekq/miasha/utils/ValidatorUtil.java,com.geekq.miasha.utils.ValidatorUtil,class,0,1,1,0,2,1,0,4,0,0,NaN,NaN,1,1,1,0,0,0,1,0,0,0,1,1,0,1,0,0,1,0,1,10,2,0,0,0,0,1,0,2,0,2,1,0,0,0,11,1,0
Project/miaosha/miaosha-v2/miaosha-web/src/main/java/com/geekq/miaosha/controller/GoodsController.java,GoodsController,class,23,24,1,23,12,1,0,25,0,0.7619048,0,0,3,0,3,0,0,0,3,0,0,0,7,1,0,5,0,2,0,0,0,89,4,0,0,0,4,19,18,34,6,27,1,0,0,0,60,1,0
Project/miaosha/miaosha-admin/miaosha-admin-common/src/main/java/com/geekq/common/enums/OrderStatusEnum.java,com.geekq.common.enums.OrderStatusEnum,enum,1,2,1,1,6,1,0,2,0,0.25,0.6666667,1,4,1,3,0,0,1,4,0,0,0,2,0,2,0,0,0,2,0,1,21,4,1,1,0,0,6,6,2,0,2,2,0,0,0,28,1,0
Project/miaosha/miaosha-v2/miaosha-common/src/main/java/com/geekq/miasha/entity/MiaoshaOrder.java,com.geekq.miasha.entity.MiaoshaOrder,class,5,6,1,5,0,1,0,0,0,NaN,-1,-1,0,0,0,0,0,0,0,0,0,0,4,0,0,4,0,0,0,0,0,6,0,0,0,0,0,1,0,0,0,4,0,0,0,0,8,1,0
Project/miaosha/miaosha-order/miaosha-order-provider/src/main/java/com/geekq/provider/service/impl/GoodsServiceImpl.java,com.geekq.provider.service.impl.GoodsServiceImpl,class,10,11,1,10,6,1,0,11,0,0.16666667,1,1,3,0,3,0,0,0,3,0,0,0,2,1,0,1,0,1,0,0,2,33,3,0,0,2,0,3,1,6,0,7,1,0,0,0,23,1,2
Project/miaosha/miaosha-v2/miaosha-service/src/main/java/com/geekq/miaosha/service/MiaoShaUserService.java,MiaoShaUserService,class,13,20,7,13,22,1,0,27,6,0.75,0,0,8,0,7,1,0,0,7,0,0,0,5,2,1,4,0,0,1,0,0,117,11,0,9,1,0,6,1,28,3,30,2,0,0,0,79,1,1
Project/miaosha/miaosha-v2/miaosha-common/src/main/java/com/geekq/miasha/entity/BaseDomain.java,com.geekq.miasha.entity.BaseDomain,class,2,3,1,2,0,1,1,0,0,NaN,-1,-1,0,0,0,0,0,0,0,0,0,0,1,0,0,0,1,0,0,0,0,3,0,0,0,0,0,0,0,0,0,1,0,0,0,0,6,1,0
Project/miaosha/miaosha-v2/miaosha-common/src/main/java/com/geekq/miasha/utils/SnowflakeIdWorker.java,com.geekq.miasha.utils.SnowflakeIdWorker,class,1,2,1,1,15,1,0,8,7,0.80952376,0.26666668,0.4,6,2,4,0,2,0,6,0,0,1,14,0,0,14,0,0,10,0,5,65,4,2,2,0,8,3,23,25,11,20,2,0,0,0,50,1,0
Project/miaosha/miaosha-v2/miaosha-web/src/main/java/com/geekq/miaosha/controller/BaseController.java,BaseController,class,8,9,1,8,6,1,1,17,1,0.5,0,0,2,1,2,0,0,0,2,0,0,0,3,0,0,1,0,2,0,0,0,35,3,0,0,1,0,4,0,4,0,6,1,0,0,0,33,1,0
Project/miaosha/miaosha-order/miaosha-order-api/src/main/java/com/geekq/api/utils/AbstractResultOrder.java,com.geekq.api.utils.AbstractResultOrder,class,2,5,3,2,16,1,1,3,0,0.5,0.4848485,0.6818182,12,1,9,0,3,0,12,0,0,0,3,0,0,3,0,0,0,0,0,50,8,0,4,0,0,0,0,13,0,3,0,0,0,0,18,1,0
Project/miaosha/miaosha-admin/miaosha-admin-common/src/main/java/com/geekq/common/enums/MessageStatus.java,com.geekq.common.enums.MessageStatus$messageType,enum,0,0,0,0,2,1,0,0,0,0,NaN,NaN,2,0,1,1,0,0,1,0,0,0,1,0,0,1,0,0,0,0,0,8,1,0,0,0,0,3,0,1,0,1,0,0,0,0,8,1,0
Project/miaosha/miaosha-admin/miaosha-admin-common/src/main/java/com/geekq/common/utils/numcal/BitStatesUtils.java,com.geekq.common.utils.numcal.BitStatesUtils,class,1,3,2,1,6,1,0,1,3,1,0,0,3,3,3,0,0,0,3,0,0,0,7,7,7,0,0,0,7,0,2,24,5,0,1,0,2,0,13,7,5,7,1,0,0,0,33,1,0
Project/miaosha/miaosha-v2/miaosha-common/src/main/java/com/geekq/miasha/utils/UserContext.java,com.geekq.miasha.utils.UserContext,class,1,2,1,1,3,1,0,3,0,0,1,1,3,3,3,0,0,0,3,0,0,0,1,1,0,1,0,0,0,0,0,12,1,0,0,0,0,0,0,1,0,1,0,0,0,0,8,1,0
Project/miaosha/miaosha-v2/miaosha-common/src/main/java/com/geekq/miasha/utils/DateTimeUtils.java,com.geekq.miasha.utils.DateTimeUtils,class,3,4,1,3,7,1,0,8,8,0.6,0.1,0.1,5,5,5,0,0,0,5,0,0,0,1,1,1,0,0,0,1,0,2,31,6,0,2,0,0,4,0,7,0,7,1,0,0,0,26,1,0
Project/miaosha/miaosha-v1/src/main/java/com/geekq/miaosha/redis/RedisConfig.java,com.geekq.miaosha.redis.RedisConfig,class,2,3,1,2,14,1,0,0,77,0.85714287,0.07692308,0.07692308,14,0,14,0,0,0,14,0,0,0,7,0,0,7,0,0,0,0,0,51,7,0,0,0,0,1,0,7,0,7,0,0,0,0,19,1,0
Project/miaosha/miaosha-v1/src/main/java/com/geekq/miaosha/mybatis/Mapper/UserMapper.java,com.geekq.miaosha.mybatis.Mapper.UserMapper,interface,5,6,1,5,9,1,0,0,36,0,0,0,9,0,9,0,0,0,9,0,0,0,0,0,0,0,0,0,0,0,0,11,0,0,0,0,0,7,0,0,0,0,0,0,0,0,17,1,0
Project/miaosha/miaosha-admin/miaosha-admin-service/src/main/java/com/geekq/admin/redis/RedisClient.java,com.geekq.admin.redis.RedisClient,class,4,4,0,4,11,1,0,14,0,0,0.6666667,0.6666667,5,5,5,0,0,0,6,0,0,0,1,1,1,0,0,0,0,0,5,92,10,0,0,5,0,6,0,21,0,16,1,0,0,0,31,1,0
Project/miaosha/miaosha-admin/miaosha-admin-api/src/main/java/com/geekq/admin/pojo/OrdersExample.java,com.geekq.admin.pojo.OrdersExample$GeneratedCriteria,innerclass,3,3,0,3,54,1,0,5,1134,0.85714287,0.017857144,0.017857144,49,0,45,0,4,0,49,0,0,0,1,0,0,0,1,0,0,0,0,202,45,0,4,0,0,83,1,1,2,1,1,0,0,0,39,1036,0
Project/miaosha/miaosha-v1/src/main/java/com/geekq/miaosha/vo/LoginVo.java,com.geekq.miaosha.vo.LoginVo,class,7,9,2,7,1,1,0,0,0,0,NaN,NaN,1,0,1,0,0,0,1,0,0,0,2,0,0,2,0,0,0,0,0,7,1,0,0,0,0,3,1,0,2,2,0,0,0,0,7,1,0
Project/miaosha/miaosha-v1/src/main/java/com/geekq/miaosha/redis/KeyPrefix.java,com.geekq.miaosha.redis.KeyPrefix,interface,0,3,3,0,2,1,0,0,1,0,0,0,2,0,2,0,0,0,2,0,0,0,0,0,0,0,0,0,0,0,0,4,0,0,0,0,0,0,0,0,0,0,0,0,0,0,5,1,0
Project/miaosha/miaosha-rpc/dubbo-api/src/main/java/dto/CapitalTradeOrderDto.java,dto.CapitalTradeOrderDto,class,0,2,2,0,10,1,0,0,35,0.8333333,0.11111111,0.11111111,10,0,10,0,0,0,10,0,0,0,6,1,0,6,0,0,1,0,0,38,5,0,0,0,0,0,1,6,0,6,0,0,0,0,32,1,0
Project/miaosha/miaosha-admin/miaosha-admin-api/src/main/java/com/geekq/admin/service/RedisCacheStorageService.java,com.geekq.admin.service.RedisCacheStorageService,interface,2,7,5,2,2,1,0,0,1,0,0,0,2,0,0,0,0,2,2,0,0,0,0,0,0,0,0,0,0,0,0,4,0,0,0,0,0,0,0,0,0,0,0,0,0,0,6,1,0
Project/miaosha/miaosha-v1/src/main/java/com/geekq/miaosha/rabbitmq/MQSender.java,com.geekq.miaosha.rabbitmq.MQSender,class,9,13,4,9,3,1,0,5,0,0.33333334,1,1,3,0,3,0,0,0,3,0,0,0,3,1,0,2,0,1,0,0,2,19,0,0,0,0,0,6,0,3,2,5,0,0,0,0,20,1,3
Project/miaosha/miaosha-admin/miaosha-admin-service/src/main/java/com/geekq/admin/service/impl/IpLogServiceImpl.java,com.geekq.admin.service.impl.IpLogServiceImpl,class,8,8,0,8,3,1,0,7,0,0,1,1,2,0,2,0,0,0,2,0,0,0,1,0,0,1,0,0,0,0,2,15,2,0,0,0,0,0,1,2,0,3,1,0,0,0,16,1,0
Project/miaosha/miaosha-admin/miaosha-admin-api/src/main/java/com/geekq/admin/entity/SystemDictionary.java,com.geekq.admin.entity.SystemDictionary,class,4,7,3,4,1,2,0,3,0,0.25,NaN,NaN,1,0,1,0,0,0,1,0,0,0,4,1,0,4,0,0,1,0,0,14,1,0,0,0,0,5,1,2,0,5,0,0,0,0,19,1,0
Project/miaosha/miaosha-v1/src/main/java/com/geekq/miaosha/redis/redismanager/RedisUtil.java,com.geekq.miaosha.redis.redismanager.RedisUtil,class,5,8,3,5,149,1,0,83,0,0.36403504,0.9718919,0.97333336,76,4,75,1,0,0,75,0,0,2,3,3,0,3,0,0,1,0,71,1084,78,0,3,70,0,5,11,279,1,143,1,0,0,0,124,1,70
Project/miaosha/miaosha-rpc/dubbo-provider/src/main/java/com/geekq/dubbo/springboot/privoder/PrivoderApplication.java,com.geekq.dubbo.springboot.privoder.PrivoderApplication,class,3,4,1,3,1,1,0,1,0,0,NaN,NaN,1,1,1,0,0,0,1,0,0,0,0,0,0,0,0,0,0,0,0,5,0,0,0,0,0,0,0,0,0,0,0,0,0,0,4,1,0
Project/miaosha/miaosha-admin/miaosha-admin-service/src/main/java/com/geekq/admin/service/impl/UserServiceImpl.java,com.geekq.admin.service.impl.UserServiceImpl,class,5,5,0,5,4,1,0,0,6,1,0,0,4,0,4,0,0,0,4,0,0,0,1,0,0,1,0,0,0,0,0,13,2,0,0,0,0,1,0,0,0,1,0,0,0,0,19,1,0
Project/miaosha/miaosha-v1/src/main/java/com/geekq/miaosha/utils/UserUtil.java,com.geekq.miaosha.utils.UserUtil,class,5,6,1,5,7,1,0,52,1,0,NaN,NaN,2,2,1,1,0,0,1,0,0,0,0,0,0,0,0,0,0,0,5,73,0,4,0,0,1,17,18,24,6,23,2,0,0,0,55,1,0
Project/miaosha/miaosha-v1/src/main/java/com/geekq/miaosha/service/MiaoshaService.java,com.geekq.miaosha.service.MiaoshaService,class,14,18,4,14,30,1,0,33,8,0.75,0.5714286,0.5714286,12,1,8,4,0,0,8,0,0,0,4,1,0,1,0,3,0,0,4,143,21,2,10,1,0,17,51,37,15,40,2,0,0,0,71,1,0
Project/miaosha/miaosha-v1/src/main/java/com/geekq/miaosha/common/Constanst.java,com.geekq.miaosha.common.Constanst,class,0,0,0,0,0,1,0,0,0,NaN,-1,-1,0,0,0,0,0,0,0,0,0,0,2,2,2,0,0,0,0,0,0,15,0,0,0,0,0,2,0,2,0,2,0,0,1,0,26,1,0
Project/miaosha/miaosha-admin/miaosha-admin-common/src/main/java/com/geekq/common/enums/MessageStatus.java,com.geekq.common.enums.MessageStatus,class,0,0,0,0,0,1,0,0,0,NaN,-1,-1,0,0,0,0,0,0,0,0,0,0,1,1,1,0,0,0,1,0,0,25,0,0,0,0,0,0,1,1,0,1,0,0,3,0,20,1,0
Project/miaosha/miaosha-admin/miaosha-admin-api/src/main/java/com/geekq/admin/service/IAccountService.java,com.geekq.admin.service.IAccountService,interface,1,3,2,1,4,1,0,0,6,0,0,0,4,0,0,0,0,4,4,0,0,0,0,0,0,0,0,0,0,0,0,6,0,0,0,0,0,0,0,0,0,0,0,0,0,0,13,1,0
Project/miaosha/miaosha-admin/miaosha-admin-web/src/main/java/com/geekq/web/controller/PersonController.java,com.geekq.web.controller.PersonController,class,11,11,0,11,1,2,0,6,0,0,NaN,NaN,1,0,1,0,0,0,1,0,0,0,3,0,0,3,0,0,0,0,0,13,1,0,0,0,0,7,0,2,1,5,0,0,0,0,22,1,0
Project/miaosha/miaosha-v1/src/main/java/com/geekq/miaosha/vo/OrderDetailVo.java,com.geekq.miaosha.vo.OrderDetailVo,class,6,7,1,6,4,1,0,0,2,0.5,0.33333334,0.33333334,4,0,4,0,0,0,4,0,0,0,2,0,0,2,0,0,0,0,0,16,2,0,0,0,0,0,0,2,0,2,0,0,0,0,9,1,0
Project/miaosha/miaosha-rpc/dubbo-api/src/main/java/com/geekq/dubbo/springboot/CapAccountTradeOrderService.java,com.geekq.dubbo.springboot.CapAccountTradeOrderService,interface,1,2,1,1,2,1,0,0,1,0,0,0,2,0,1,0,0,1,2,0,0,0,0,0,0,0,0,0,0,0,0,4,0,0,0,0,0,0,0,0,0,0,0,0,0,0,18,1,0
Project/miaosha/miaosha-v2/miaosha-common/src/main/java/com/geekq/miasha/enums/enums/ResultStatus.java,com.geekq.miasha.enums.enums.ResultStatus,enum,1,6,5,1,9,1,0,3,18,0.61111116,0.0952381,0.0952381,9,0,7,2,0,0,7,0,0,0,2,0,0,2,0,0,0,0,1,36,5,0,0,0,0,29,29,5,0,2,0,0,0,0,40,1,0
Project/miaosha/miaosha-admin/miaosha-admin-common/src/main/java/com/geekq/common/utils/numcal/CalculateUtil.java,com.geekq.common.utils.numcal.CalculateUtil,class,2,3,1,2,21,1,0,11,15,0.8333333,0,0,6,6,6,0,0,0,6,0,0,0,2,2,2,0,0,0,2,0,10,99,7,1,12,0,10,2,6,45,2,32,4,0,0,0,55,1,0
